Horror Wiki Index,char index,Stripped Title,Year,character,stripped character
262,0,a nightmare on elm street,1984,"Christina ""Tina"" Gray",christina tina gray
262,1,a nightmare on elm street,1984,Rod Lane,rod lane
262,2,a nightmare on elm street,1984,Glen Lantz,glen lantz
262,3,a nightmare on elm street,1984,Marge Thompson,marge thompson
908,0,a nightmare on elm street,2010,Sukari McGill,sukari mcgill
908,1,a nightmare on elm street,2010,Carrie Bush,carrie bush
908,2,a nightmare on elm street,2010,Nancy Lumb,nancy lumb
908,3,a nightmare on elm street,2010,Elizabeth Cook,elizabeth cook
908,4,a nightmare on elm street,2010,Craig Jackson,craig jackson
908,5,a nightmare on elm street,2010,Lisa Harper,lisa harper
908,6,a nightmare on elm street,2010,Bret Tanzer,bret tanzer
908,7,a nightmare on elm street,2010,Dean Russell,dean russell
908,8,a nightmare on elm street,2010,"Kristen ""Kris"" Fowles",kristen kris fowles
908,9,a nightmare on elm street,2010,Jesse Braun,jesse braun
908,10,a nightmare on elm street,2010,Marcus Yeon,marcus yeon
908,11,a nightmare on elm street,2010,Gwen Holbrook,gwen holbrook
276,0,a nightmare on elm street 2 freddys revenge,1985,Coach Schneider,coach schneider
276,1,a nightmare on elm street 2 freddys revenge,1985,Ron Grady,ron grady
276,2,a nightmare on elm street 2 freddys revenge,1985,Party Guest 1,party guest 1
276,3,a nightmare on elm street 2 freddys revenge,1985,Party Guest 2,party guest 2
276,4,a nightmare on elm street 2 freddys revenge,1985,Party Guest 3,party guest 3
276,5,a nightmare on elm street 2 freddys revenge,1985,Party Guest 4,party guest 4
276,6,a nightmare on elm street 2 freddys revenge,1985,Party Guest 5,party guest 5
276,7,a nightmare on elm street 2 freddys revenge,1985,Party Guest 6,party guest 6
276,8,a nightmare on elm street 2 freddys revenge,1985,Party Guest 7,party guest 7
276,9,a nightmare on elm street 2 freddys revenge,1985,Kerry Hellman,kerry hellman
276,10,a nightmare on elm street 2 freddys revenge,1985,Jesse Walsh,jesse walsh
276,11,a nightmare on elm street 2 freddys revenge,1985,Lisa Webber,lisa webber
323,0,a nightmare on elm street 3 dream warriors,1987,Phillip Anderson,phillip anderson
323,1,a nightmare on elm street 3 dream warriors,1987,Jennifer Caulfield,jennifer caulfield
323,2,a nightmare on elm street 3 dream warriors,1987,Taryn White,taryn white
323,3,a nightmare on elm street 3 dream warriors,1987,Will Stanton,will stanton
323,4,a nightmare on elm street 3 dream warriors,1987,Donald Thompson,donald thompson
323,5,a nightmare on elm street 3 dream warriors,1987,Dr. Nancy Thompson,dr nancy thompson
383,0,a nightmare on elm street 4 dream master,1988,Docter Neil Gordon,docter neil gordon
383,1,a nightmare on elm street 4 dream master,1988,Roland Kincaid,roland kincaid
383,2,a nightmare on elm street 4 dream master,1988,Joey Crusel,joey crusel
383,3,a nightmare on elm street 4 dream master,1988,Kristen Parker,kristen parker
383,4,a nightmare on elm street 4 dream master,1988,Sheila Kopecky,sheila kopecky
383,5,a nightmare on elm street 4 dream master,1988,Rick Johnson,rick johnson
383,6,a nightmare on elm street 4 dream master,1988,Debbie Stevens,debbie stevens
383,7,a nightmare on elm street 4 dream master,1988,"Frederick Charles ""Freddy"" Krueger",frederick charles freddy krueger
394,0,a nightmare on elm street 5 dream child,1989,Mr Gibson,mr gibson
394,1,a nightmare on elm street 5 dream child,1989,Doris Jordan,doris jordan
394,2,a nightmare on elm street 5 dream child,1989,Manuel Jordan,manuel jordan
394,3,a nightmare on elm street 5 dream child,1989,Tobias Jordan,tobias jordan
394,4,a nightmare on elm street 5 dream child,1989,Mr. Jordan,mr jordan
394,5,a nightmare on elm street 5 dream child,1989,"Daniel ""Dan"" Jordan",daniel dan jordan
394,6,a nightmare on elm street 5 dream child,1989,Greta Gibson,greta gibson
394,7,a nightmare on elm street 5 dream child,1989,Mark Gray,mark gray
394,8,a nightmare on elm street 5 dream child,1989,Freddy Krueger,freddy krueger
394,9,a nightmare on elm street 5 dream child,1989,Demon 1,demon 1
394,10,a nightmare on elm street 5 dream child,1989,Demon 2,demon 2
394,11,a nightmare on elm street 5 dream child,1989,Demon 3,demon 3
394,12,a nightmare on elm street 5 dream child,1989,Demon 4,demon 4
394,13,a nightmare on elm street 5 dream child,1989,Demon 5,demon 5
394,14,a nightmare on elm street 5 dream child,1989,Racine Gibson,racine gibson
394,15,a nightmare on elm street 5 dream child,1989,Anne,anne
394,16,a nightmare on elm street 5 dream child,1989,Coash Ostrow,coash ostrow
394,17,a nightmare on elm street 5 dream child,1989,Dr Moore,dr moore
394,18,a nightmare on elm street 5 dream child,1989,Amanda Krueger,amanda krueger
80,0,alice sweet alice,1976,Karen Spages,karen spages
80,1,alice sweet alice,1976,Dom Spages,dom spages
80,2,alice sweet alice,1976,Kitten,kitten
80,3,alice sweet alice,1976,Fat guy,fat guy
80,4,alice sweet alice,1976,Father Tom,father tom
834,0,amusement,2008,Tryton,tryton
834,1,amusement,2008,Rob,rob
834,2,amusement,2008,Dr. Owens,dr owens
834,3,amusement,2008,Dan,dan
834,4,amusement,2008,Lisa Swan,lisa swan
834,5,amusement,2008,Shelby Leds,shelby leds
834,6,amusement,2008,The Laugh,laugh
325,0,angustia,1987,Caroline,caroline
325,1,angustia,1987,Caroline's Boyfriend,carolines boyfriend
325,2,angustia,1987,Don,don
325,3,angustia,1987,Sleepy,sleepy
325,4,angustia,1987,Laura,laura
325,5,angustia,1987,Tricket Girl,tricket girl
325,6,angustia,1987,Concession Girl,concession girl
325,7,angustia,1987,Bathroom Woman,bathroom woman
325,8,angustia,1987,Concession Girl,concession girl
325,9,angustia,1987,Tricket Girl,tricket girl
325,10,angustia,1987,Patty's Father,pattys father
325,11,angustia,1987,Patty's Mother,pattys mother
325,12,angustia,1987,Student #1,student 1
325,13,angustia,1987,Sleepy,sleepy
325,14,angustia,1987,Elderly Man,elderly man
325,15,angustia,1987,First Murder,first murder
325,16,angustia,1987,Ann,ann
325,17,angustia,1987,Salesman,salesman
325,18,angustia,1987,Hairy Woman,hairy woman
325,19,angustia,1987,The Killer,killer
325,20,angustia,1987,"Alice Pressman, Mother",alice pressman mother
325,21,angustia,1987,Linda,linda
325,22,angustia,1987,Patty,patty
1162,0,anna and apocalypse,2018,Jake,jake
1162,1,anna and apocalypse,2018,Tibbsy,tibbsy
1162,2,anna and apocalypse,2018,John,john
1162,3,anna and apocalypse,2018,Bea,bea
1162,4,anna and apocalypse,2018,Lisa,lisa
1162,5,anna and apocalypse,2018,Chris,chris
1162,6,anna and apocalypse,2018,Rector Savage,rector savage
1162,7,anna and apocalypse,2018,Tony (Anna's dad),tony annas dad
1215,0,banana splits movie,2019,Stevie,stevie
1215,1,banana splits movie,2019,Thadd,thadd
1215,2,banana splits movie,2019,Sal,sal
1215,3,banana splits movie,2019,Jonathan,jonathan
1215,4,banana splits movie,2019,Rebecca,rebecca
1215,5,banana splits movie,2019,Karl,karl
1215,6,banana splits movie,2019,Doug,doug
1215,7,banana splits movie,2019,All audience members and Taft Studios' crew,all audience members and taft studios crew
1215,8,banana splits movie,2019,Andy,andy
1215,9,banana splits movie,2019,Fleegle,fleegle
1215,10,banana splits movie,2019,Drooper,drooper
1215,11,banana splits movie,2019,Bingo,bingo
1215,12,banana splits movie,2019,Snorky,snorky
1215,13,banana splits movie,2019,Mitch Williams,mitch williams
747,0,behind mask rise of leslie vernon,2006,Mrs. Collinwood,mrs collinwood
747,1,behind mask rise of leslie vernon,2006,Jock,jock
747,2,behind mask rise of leslie vernon,2006,Cheerleader,cheerleader
747,3,behind mask rise of leslie vernon,2006,Pete,pete
747,4,behind mask rise of leslie vernon,2006,Stoner kid #1,stoner kid 1
747,5,behind mask rise of leslie vernon,2006,Stoner kid #2,stoner kid 2
747,6,behind mask rise of leslie vernon,2006,Kelly,kelly
747,7,behind mask rise of leslie vernon,2006,Todd,todd
747,8,behind mask rise of leslie vernon,2006,Lauren,lauren
747,9,behind mask rise of leslie vernon,2006,Shane,shane
1164,0,bird box,2018,Woman in orange,woman in orange
1164,1,bird box,2018,Jessica Hayes,jessica hayes
1164,2,bird box,2018,Man in car,man in car
1164,3,bird box,2018,Lydia,lydia
1164,4,bird box,2018,Five people,five people
1164,5,bird box,2018,Greg,greg
1164,6,bird box,2018,Two men,two men
1164,7,bird box,2018,Man and Woman,man and woman
1164,8,bird box,2018,Charlie,charlie
1164,9,bird box,2018,Olympia,olympia
1164,10,bird box,2018,Cheryl,cheryl
1164,11,bird box,2018,Douglas,douglas
1164,12,bird box,2018,Gary,gary
1164,13,bird box,2018,Man,man
1164,14,bird box,2018,Four psychotic seers,four psychotic seers
1164,15,bird box,2018,Psychotic seer,psychotic seer
1164,16,bird box,2018,Tom,tom
1164,17,bird box,2018,River Man,river man
1098,0,blair witch,2016,Peter Jones,peter jones
1098,1,blair witch,2016,Talia,talia
1098,2,blair witch,2016,Ashley Bennett,ashley bennett
1098,3,blair witch,2016,Lane,lane
1098,4,blair witch,2016,James Donahue,james donahue
1098,5,blair witch,2016,Lisa Arlington,lisa arlington
586,0,blair witch project,1999,Joshua 'Josh' Leonard,joshua josh leonard
586,1,blair witch project,1999,Michael 'Mike' Williams,michael mike williams
586,2,blair witch project,1999,Heather Donahue,heather donahue
709,0,boogeyman,2005,Mr.Jensen,mrjensen
709,1,boogeyman,2005,Ms.Jensen,msjensen
709,2,boogeyman,2005,Crow,crow
709,3,boogeyman,2005,Jessica,jessica
709,4,boogeyman,2005,Ome Mike,ome mike
709,5,boogeyman,2005,Boogeyman,boogeyman
793,0,boogeyman 2,2007,Mr. Porter,mr porter
793,1,boogeyman 2,2007,Mrs. Porter,mrs porter
793,2,boogeyman 2,2007,Mark,mark
793,3,boogeyman 2,2007,Paul,paul
793,4,boogeyman 2,2007,Gloria,gloria
793,5,boogeyman 2,2007,Dr.Ryan,drryan
793,6,boogeyman 2,2007,Alison,alison
793,7,boogeyman 2,2007,Tim Jensen,tim jensen
793,8,boogeyman 2,2007,Darren,darren
793,9,boogeyman 2,2007,Nicky,nicky
793,10,boogeyman 2,2007,Henry Porter,henry porter
793,11,boogeyman 2,2007,Dr.Mitchell Allen,drmitchell allen
793,12,boogeyman 2,2007,Boogeyman/Dr.Jessica Ryan,boogeyman drjessica ryan
868,0,boogeyman 3,2009,Layla The Dog,layla dog
868,1,boogeyman 3,2009,Audrey Allen,audrey allen
868,2,boogeyman 3,2009,Lukas,lukas
868,3,boogeyman 3,2009,Mark,mark
868,4,boogeyman 3,2009,Jeremy,jeremy
868,5,boogeyman 3,2009,Almost Everybody on Campus,almost everybody on campus
868,6,boogeyman 3,2009,Ben,ben
868,7,boogeyman 3,2009,Lindsay,lindsay
868,8,boogeyman 3,2009,Dr.Roger Kane,drroger kane
868,9,boogeyman 3,2009,David,david
868,10,boogeyman 3,2009,Sarah Morris,sarah morris
868,11,boogeyman 3,2009,Amy,amy
613,0,book of shadows blair witch 2,2000,Jeff Patterson,jeff patterson
613,1,book of shadows blair witch 2,2000,Peggie the Cashier,peggie cashier
613,2,book of shadows blair witch 2,2000,Erica Geerson,erica geerson
613,3,book of shadows blair witch 2,2000,Greta,greta
613,4,book of shadows blair witch 2,2000,Other tour group,other tour group
613,5,book of shadows blair witch 2,2000,Tristen Ryler,tristen ryler
613,6,book of shadows blair witch 2,2000,Stephen and Tristen's unborn baby,stephen and tristens unborn baby
1156,0,bye bye man,2017,Rick,rick
1156,1,bye bye man,2017,Jane,jane
1156,2,bye bye man,2017,Mr. Daizy,mr daizy
1156,3,bye bye man,2017,Giselle,giselle
1156,4,bye bye man,2017,Anna,anna
1156,5,bye bye man,2017,Larry,larry
1156,6,bye bye man,2017,Kim,kim
1156,7,bye bye man,2017,Unnamed Person,unnamed person
1156,8,bye bye man,2017,Unnamed Person,unnamed person
1156,9,bye bye man,2017,Mrs. Watkins,mrs watkins
1156,10,bye bye man,2017,John,john
1156,11,bye bye man,2017,Sasha,sasha
1156,12,bye bye man,2017,Elliot,elliot
1016,0,carrie,2013,"Tommy ""Thomas"" Ross",tommy thomas ross
1016,1,carrie,2013,Heather Shyres,heather shyres
1016,2,carrie,2013,"Kenny ""Kenneth"" Garson",kenny kenneth garson
1016,3,carrie,2013,Jackie Talbot,jackie talbot
1016,4,carrie,2013,"Freddy ""Frederick"" Holt",freddy frederick holt
1016,5,carrie,2013,"Nicki and Lizzy ""Elizabeth"" Wilson",nicki and lizzy elizabeth wilson
1016,6,carrie,2013,Tina Blake,tina blake
1016,7,carrie,2013,Mr. Ullmann,mr ullmann
1016,8,carrie,2013,Most of the prom goers at the prom,most of prom goers at prom
1016,9,carrie,2013,Billy Nolan,billy nolan
1016,10,carrie,2013,Christine Hargensen,christine hargensen
1016,11,carrie,2013,Margaret White,margaret white
1016,12,carrie,2013,Carrie White,carrie white
975,0,chernobyl diaries,2012,Yuri,yuri
975,1,chernobyl diaries,2012,Chris,chris
975,2,chernobyl diaries,2012,Natalie,natalie
975,3,chernobyl diaries,2012,Michael,michael
975,4,chernobyl diaries,2012,Zoe,zoe
975,5,chernobyl diaries,2012,Paul,paul
975,6,chernobyl diaries,2012,Amanda,amanda
589,0,children of corn 666 isaacs return,1999,Dr.michaels,drmichaels
589,1,children of corn 666 isaacs return,1999,Rachal,rachal
589,2,children of corn 666 isaacs return,1999,Matt,matt
589,3,children of corn 666 isaacs return,1999,Jesse,jesse
589,4,children of corn 666 isaacs return,1999,Cora,cora
589,5,children of corn 666 isaacs return,1999,Isaac,isaac
589,6,children of corn 666 isaacs return,1999,Jake,jake
483,0,children of corn ii final sacrifice,1992,Mrs Garret,mrs garret
483,1,children of corn ii final sacrifice,1992,Bobby Knite,bobby knite
483,2,children of corn ii final sacrifice,1992,Wayde McKenzie,wayde mckenzie
483,3,children of corn ii final sacrifice,1992,Mrs. Burke,mrs burke
483,4,children of corn ii final sacrifice,1992,David Simpsons,david simpsons
483,5,children of corn ii final sacrifice,1992,Dr. Richard Appleby,dr richard appleby
483,6,children of corn ii final sacrifice,1992,Mrs. West,mrs west
483,7,children of corn ii final sacrifice,1992,Sheriff William Blaine,sheriff william blaine
483,8,children of corn ii final sacrifice,1992,Reverend Hollings,reverend hollings
483,9,children of corn ii final sacrifice,1992,Mary Simpson,mary simpson
483,10,children of corn ii final sacrifice,1992,The rest of the town,rest of town
483,11,children of corn ii final sacrifice,1992,Frank Redbear,frank redbear
483,12,children of corn ii final sacrifice,1992,Cult Member,cult member
483,13,children of corn ii final sacrifice,1992,Micah,micah
483,14,children of corn ii final sacrifice,1992,Children,children
483,15,children of corn ii final sacrifice,1992,Corn,corn
483,16,children of corn ii final sacrifice,1992,adsfahn,adsfahn
536,0,children of corn iv gathering,1996,Deputy Cesar,deputy cesar
536,1,children of corn iv gathering,1996,Old Man,old man
536,2,children of corn iv gathering,1996,Sandra Atkins,sandra atkins
536,3,children of corn iv gathering,1996,Deputy Eugenio Derbez,deputy eugenio derbez
536,4,children of corn iv gathering,1996,Sheriff Biggs,sheriff biggs
536,5,children of corn iv gathering,1996,Dr. Larson,dr larson
536,6,children of corn iv gathering,1996,Margaret Rhodes,margaret rhodes
536,7,children of corn iv gathering,1996,Anne,anne
536,8,children of corn iv gathering,1996,Josiah,josiah
536,9,children of corn iv gathering,1996,Insect,insect
627,0,children of corn revelation,2001,,nan
572,0,children of corn v fields of terror,1998,Husband,husband
572,1,children of corn v fields of terror,1998,Wife,wife
572,2,children of corn v fields of terror,1998,Charlotte,charlotte
572,3,children of corn v fields of terror,1998,Lazlo,lazlo
572,4,children of corn v fields of terror,1998,Kir,kir
572,5,children of corn v fields of terror,1998,Fireman #1 and #2,fireman 1 and 2
572,6,children of corn v fields of terror,1998,Luke Enright,luke enright
572,7,children of corn v fields of terror,1998,Sheriff Skaggs,sheriff skaggs
572,8,children of corn v fields of terror,1998,Deputy Earl,deputy earl
572,9,children of corn v fields of terror,1998,Cult member,cult member
572,10,children of corn v fields of terror,1998,Cult member,cult member
572,11,children of corn v fields of terror,1998,Jacob,jacob
572,12,children of corn v fields of terror,1998,Tyrus,tyrus
572,13,children of corn v fields of terror,1998,Zane,zane
572,14,children of corn v fields of terror,1998,Cult member,cult member
572,15,children of corn v fields of terror,1998,Greg,greg
572,16,children of corn v fields of terror,1998,Cult member,cult member
572,17,children of corn v fields of terror,1998,Ezeekial,ezeekial
155,0,christmas evil,1980,Charles,charles
155,1,christmas evil,1980,Binky,binky
155,2,christmas evil,1980,Peter,peter
155,3,christmas evil,1980,Frank Stoller,frank stoller
711,0,cry wolf,2005,Becky,becky
711,1,cry wolf,2005,Mercedes,mercedes
711,2,cry wolf,2005,Randall,randall
711,3,cry wolf,2005,Lewis,lewis
711,4,cry wolf,2005,Dodger Allen,dodger allen
711,5,cry wolf,2005,Rich Walker,rich walker
716,0,descent,2005,Paul,paul
716,1,descent,2005,Jessica,jessica
716,2,descent,2005,Holly,holly
716,3,descent,2005,Male Crawler,male crawler
716,4,descent,2005,Beth,beth
716,5,descent,2005,Male Crawler,male crawler
716,6,descent,2005,Male Crawler,male crawler
716,7,descent,2005,Female Crawler,female crawler
716,8,descent,2005,Male Crawler,male crawler
716,9,descent,2005,Male Crawler,male crawler
716,10,descent,2005,Sam,sam
716,11,descent,2005,Rebecca,rebecca
716,12,descent,2005,Male Crawler,male crawler
716,13,descent,2005,Male Crawler,male crawler
716,14,descent,2005,Male Crawler,male crawler
716,15,descent,2005,Male Crawler,male crawler
958,0,divide,2011,Armed Soldier,armed soldier
958,1,divide,2011,Armed Soldier,armed soldier
958,2,divide,2011,Armed Soldier,armed soldier
958,3,divide,2011,Armed Soldier,armed soldier
958,4,divide,2011,Armed Soldier,armed soldier
958,5,divide,2011,Devlin,devlin
958,6,divide,2011,Marilyn,marilyn
958,7,divide,2011,Adrien,adrien
958,8,divide,2011,Bobby,bobby
958,9,divide,2011,Josh,josh
958,10,divide,2011,Sam,sam
958,11,divide,2011,Mickey,mickey
754,0,doodeind,2006,Tim,tim
754,1,doodeind,2006,Joline,joline
754,2,doodeind,2006,Laura,laura
754,3,doodeind,2006,Ben,ben
754,4,doodeind,2006,Sidney,sidney
754,5,doodeind,2006,Barbara,barbara
754,6,doodeind,2006,Chris,chris
1023,0,evil dead,2013,Teenager,teenager
1023,1,evil dead,2013,Olivia,olivia
1023,2,evil dead,2013,Mrs Allen,mrs allen
1023,3,evil dead,2013,Mia's GrandFather,mias grandfather
1023,4,evil dead,2013,Demon Olivia,demon olivia
1023,5,evil dead,2013,Natalie,natalie
1023,6,evil dead,2013,Eric,eric
1023,7,evil dead,2013,David Allen,david allen
1023,8,evil dead,2013,Mia Allen,mia allen
1023,9,evil dead,2013,Demon Mia Allen,demon mia allen
334,0,evil dead ii,1987,Linda,linda
334,1,evil dead ii,1987,Demon Linda,demon linda
334,2,evil dead ii,1987,Ed,ed
334,3,evil dead ii,1987,Demon Ed,demon ed
334,4,evil dead ii,1987,Bobby Jo,bobby jo
334,5,evil dead ii,1987,Jake,jake
334,6,evil dead ii,1987,Demon Henrietta,demon henrietta
334,7,evil dead ii,1987,Annie,annie
334,8,evil dead ii,1987,Winged Demon,winged demon
672,0,freddy vs jason,2003,Little Girl,little girl
672,1,freddy vs jason,2003,Heather,heather
672,2,freddy vs jason,2003,Dead Boy On Tree,dead boy on tree
672,3,freddy vs jason,2003,Dead Girl On Tree,dead girl on tree
672,4,freddy vs jason,2003,Trey Adam GordonÂ Cooper,trey adam gordon cooper
672,5,freddy vs jason,2003,Mr. Mueller,mr mueller
672,6,freddy vs jason,2003,Blake Mueller,blake mueller
672,7,freddy vs jason,2003,Gibb Smith,gibb smith
672,8,freddy vs jason,2003,Frisell,frisell
672,9,freddy vs jason,2003,Unnamed Teammate,unnamed teammate
672,10,freddy vs jason,2003,Shack,shack
672,11,freddy vs jason,2003,Raver 1/2/3,raver 1 2 3
672,12,freddy vs jason,2003,Raver 4,raver 4
672,13,freddy vs jason,2003,Raver 5,raver 5
672,14,freddy vs jason,2003,Raver 6,raver 6
672,15,freddy vs jason,2003,Bobby Davis,bobby davis
672,16,freddy vs jason,2003,Mark Davis,mark davis
672,17,freddy vs jason,2003,Security Guard,security guard
672,18,freddy vs jason,2003,Deputy Scott Stubbs,deputy scott stubbs
672,19,freddy vs jason,2003,Bill Freeburg,bill freeburg
672,20,freddy vs jason,2003,Mrs. Campbell,mrs campbell
672,21,freddy vs jason,2003,Charlie Linderman,charlie linderman
672,22,freddy vs jason,2003,Kia Waterson,kia waterson
672,23,freddy vs jason,2003,"Fredrick Charles ""Freddy"" Krueger",fredrick charles freddy krueger
463,0,freddys dead final nightmare,1991,Carlos Rodriguez,carlos rodriguez
463,1,freddys dead final nightmare,1991,Spencer Lewis,spencer lewis
463,2,freddys dead final nightmare,1991,John Doe,john doe
463,3,freddys dead final nightmare,1991,Mr. Underwood,mr underwood
463,4,freddys dead final nightmare,1991,Loretta Krueger,loretta krueger
463,5,freddys dead final nightmare,1991,"Frederick Charles ""Freddy"" Krueger",frederick charles freddy krueger
882,0,friday 13th,2009,Pamela Voorhees,pamela voorhees
882,1,friday 13th,2009,Wade,wade
882,2,friday 13th,2009,Amanda,amanda
882,3,friday 13th,2009,Mike,mike
882,4,friday 13th,2009,Richie,richie
882,5,friday 13th,2009,Donnie,donnie
882,6,friday 13th,2009,Nolan,nolan
882,7,friday 13th,2009,Chelsea,chelsea
882,8,friday 13th,2009,Chewie,chewie
882,9,friday 13th,2009,Lawrence,lawrence
882,10,friday 13th,2009,Bree,bree
882,11,friday 13th,2009,Officer bracke,officer bracke
882,12,friday 13th,2009,Trent,trent
882,13,friday 13th,2009,Jenna,jenna
164,0,friday 13th,1980,Barry,barry
164,1,friday 13th,1980,Claudette,claudette
164,2,friday 13th,1980,Annie,annie
164,3,friday 13th,1980,Ned,ned
164,4,friday 13th,1980,Jack,jack
164,5,friday 13th,1980,Marcie Stanler,marcie stanler
164,6,friday 13th,1980,Steve Christy,steve christy
164,7,friday 13th,1980,Brenda,brenda
164,8,friday 13th,1980,Bill,bill
164,9,friday 13th,1980,Mrs. Voorhees,mrs voorhees
282,0,friday 13th a new beginning,1985,Neil,neil
282,1,friday 13th a new beginning,1985,Les,les
282,2,friday 13th a new beginning,1985,Joey Burns,joey burns
282,3,friday 13th a new beginning,1985,Mrs Burns,mrs burns
282,4,friday 13th a new beginning,1985,Vinnie,vinnie
282,5,friday 13th a new beginning,1985,Pete,pete
282,6,friday 13th a new beginning,1985,Billy,billy
282,7,friday 13th a new beginning,1985,Lana,lana
282,8,friday 13th a new beginning,1985,Raymond,raymond
282,9,friday 13th a new beginning,1985,Tina,tina
282,10,friday 13th a new beginning,1985,Eddie,eddie
282,11,friday 13th a new beginning,1985,Anita,anita
282,12,friday 13th a new beginning,1985,Demon,demon
282,13,friday 13th a new beginning,1985,Junior Hubbard,junior hubbard
282,14,friday 13th a new beginning,1985,Ethel Hubbard,ethel hubbard
282,15,friday 13th a new beginning,1985,Jake,jake
282,16,friday 13th a new beginning,1985,Robin,robin
282,17,friday 13th a new beginning,1985,Violet,violet
282,18,friday 13th a new beginning,1985,Duke Johnson,duke johnson
282,19,friday 13th a new beginning,1985,Dr. Matthew Letter,dr matthew letter
282,20,friday 13th a new beginning,1985,George,george
282,21,friday 13th a new beginning,1985,Roy Burns,roy burns
282,22,friday 13th a new beginning,1985,Pam Roberts,pam roberts
282,23,friday 13th a new beginning,1985,Pam Roberts,pam roberts
282,24,friday 13th a new beginning,1985,Mrs Roberts,mrs roberts
282,25,friday 13th a new beginning,1985,Mr Roberts,mr roberts
282,26,friday 13th a new beginning,1985,Reggie Winter,reggie winter
282,27,friday 13th a new beginning,1985,Mrs Winter,mrs winter
267,0,friday 13th final chapter,1984,Coroner Axel Burns,coroner axel burns
267,1,friday 13th final chapter,1984,"Nurse Roberta ""Robbie"" Morgan",nurse roberta robbie morgan
267,2,friday 13th final chapter,1984,Unnamed Female Hitchhiker,unnamed female hitchhiker
267,3,friday 13th final chapter,1984,Samantha Lane,samantha lane
267,4,friday 13th final chapter,1984,Paul Guthrie,paul guthrie
267,5,friday 13th final chapter,1984,"Terri ""Teresa"" Moore",terri teresa moore
267,6,friday 13th final chapter,1984,Mrs. Tracy Jarvis,mrs tracy jarvis
267,7,friday 13th final chapter,1984,"James ""Jimmy"" Mortimer",james jimmy mortimer
267,8,friday 13th final chapter,1984,Tina Moore,tina moore
267,9,friday 13th final chapter,1984,Ted Cooper,ted cooper
267,10,friday 13th final chapter,1984,"Douglas ""Doug"" Bell",douglas doug bell
267,11,friday 13th final chapter,1984,Sara,sara
267,12,friday 13th final chapter,1984,"Rob ""Robert"" Dier",rob robert dier
267,13,friday 13th final chapter,1984,Jason Voorhees,jason voorhees
192,0,friday 13th part 2,1981,Alice Hardy,alice hardy
192,1,friday 13th part 2,1981,Crazy Ralph,crazy ralph
192,2,friday 13th part 2,1981,Deputy Winslow,deputy winslow
192,3,friday 13th part 2,1981,Scott,scott
192,4,friday 13th part 2,1981,Terry,terry
192,5,friday 13th part 2,1981,Mark,mark
192,6,friday 13th part 2,1981,"Jeff, Sandra Dier",jeff sandra dier
192,7,friday 13th part 2,1981,Vickie,vickie
192,8,friday 13th part 2,1981,Paul Holt,paul holt
226,0,friday 13th part iii,1982,Harold Hockett,harold hockett
226,1,friday 13th part iii,1982,Edna Hockett,edna hockett
226,2,friday 13th part iii,1982,Fox,fox
226,3,friday 13th part iii,1982,Loco,loco
226,4,friday 13th part iii,1982,Vera Sanchez,vera sanchez
226,5,friday 13th part iii,1982,"Andy ""Andrew"" Beltrami",andy andrew beltrami
226,6,friday 13th part iii,1982,Debbie,debbie
226,7,friday 13th part iii,1982,Andy's and Debbie's child,andys and debbies child
226,8,friday 13th part iii,1982,"Shelly ""Sheldon"" Finkelstein",shelly sheldon finkelstein
226,9,friday 13th part iii,1982,Chuck,chuck
226,10,friday 13th part iii,1982,Chili,chili
226,11,friday 13th part iii,1982,Rick,rick
226,12,friday 13th part iii,1982,Ali,ali
304,0,friday 13th part vi jason lives,1986,Allen Hawes,allen hawes
304,1,friday 13th part vi jason lives,1986,Darren,darren
304,2,friday 13th part vi jason lives,1986,Lizabeth,lizabeth
304,3,friday 13th part vi jason lives,1986,Burt,burt
304,4,friday 13th part vi jason lives,1986,"Stan, Katie, Larry",stan katie larry
304,5,friday 13th part vi jason lives,1986,Roy,roy
304,6,friday 13th part vi jason lives,1986,Martin,martin
304,7,friday 13th part vi jason lives,1986,"Steven, Annette",steven annette
304,8,friday 13th part vi jason lives,1986,Nikki,nikki
304,9,friday 13th part vi jason lives,1986,Cort,cort
304,10,friday 13th part vi jason lives,1986,Sissy Baker,sissy baker
304,11,friday 13th part vi jason lives,1986,Paula,paula
304,12,friday 13th part vi jason lives,1986,Officer Thornton,officer thornton
304,13,friday 13th part vi jason lives,1986,Officer Pappas,officer pappas
304,14,friday 13th part vi jason lives,1986,Sheriff Michael Garris,sheriff michael garris
372,0,friday 13th part vii new blood,1988,John Shepard,john shepard
372,1,friday 13th part vii new blood,1988,Jane,jane
372,2,friday 13th part vii new blood,1988,Michael,michael
372,3,friday 13th part vii new blood,1988,Dan,dan
372,4,friday 13th part vii new blood,1988,Judy,judy
372,5,friday 13th part vii new blood,1988,Russell,russell
372,6,friday 13th part vii new blood,1988,Sandra,sandra
372,7,friday 13th part vii new blood,1988,Maddy,maddy
372,8,friday 13th part vii new blood,1988,Ben,ben
372,9,friday 13th part vii new blood,1988,Kate,kate
372,10,friday 13th part vii new blood,1988,David,david
372,11,friday 13th part vii new blood,1988,Eddie,eddie
372,12,friday 13th part vii new blood,1988,Robin,robin
372,13,friday 13th part vii new blood,1988,Amanda Shepard,amanda shepard
372,14,friday 13th part vii new blood,1988,Dr. Crews,dr crews
372,15,friday 13th part vii new blood,1988,Melissa,melissa
372,16,friday 13th part vii new blood,1988,Mark Shepard,mark shepard
372,17,friday 13th part vii new blood,1988,Luis Ham,luis ham
372,18,friday 13th part vii new blood,1988,Jason Voorhees,jason voorhees
372,19,friday 13th part vii new blood,1988,Fisherman,fisherman
403,0,friday 13th part viii jason takes manhattan,1989,Jim Miller,jim miller
403,1,friday 13th part viii jason takes manhattan,1989,Suzy Donaldson,suzy donaldson
403,2,friday 13th part viii jason takes manhattan,1989,J.J. Jarrett,jj jarrett
403,3,friday 13th part viii jason takes manhattan,1989,Boxer,boxer
403,4,friday 13th part viii jason takes manhattan,1989,Tamara Mason,tamara mason
403,5,friday 13th part viii jason takes manhattan,1989,Jim Carlson,jim carlson
403,6,friday 13th part viii jason takes manhattan,1989,Admiral Robertson,admiral robertson
403,7,friday 13th part viii jason takes manhattan,1989,Eva Watanabe,eva watanabe
403,8,friday 13th part viii jason takes manhattan,1989,Crew Member,crew member
403,9,friday 13th part viii jason takes manhattan,1989,Wayne Webber,wayne webber
403,10,friday 13th part viii jason takes manhattan,1989,Miles Wolfe,miles wolfe
403,11,friday 13th part viii jason takes manhattan,1989,Unnamed Deck Hand,unnamed deck hand
403,12,friday 13th part viii jason takes manhattan,1989,Homes,homes
403,13,friday 13th part viii jason takes manhattan,1989,Jojo,jojo
403,14,friday 13th part viii jason takes manhattan,1989,Julius Gaw,julius gaw
403,15,friday 13th part viii jason takes manhattan,1989,Irish Cop,irish cop
403,16,friday 13th part viii jason takes manhattan,1989,Colleen Van Deusen,colleen van deusen
403,17,friday 13th part viii jason takes manhattan,1989,Charles McCullough,charles mccullough
403,18,friday 13th part viii jason takes manhattan,1989,Unnamed New York Cook,unnamed new york cook
403,19,friday 13th part viii jason takes manhattan,1989,Unnamed Sanitation Worker,unnamed sanitation worker
655,0,ghost ship,2002,Captain,captain
655,1,ghost ship,2002,Katie,katie
655,2,ghost ship,2002,Greer,greer
655,3,ghost ship,2002,Francesca Rettondini,francesca rettondini
655,4,ghost ship,2002,Sean Murphy,sean murphy
655,5,ghost ship,2002,Santos,santos
655,6,ghost ship,2002,Munder,munder
945,0,grave encounters,2011,Dr. Arthur Friedkin,dr arthur friedkin
945,1,grave encounters,2011,Houston Grey,houston grey
945,2,grave encounters,2011,T.C. Gibson,tc gibson
945,3,grave encounters,2011,Matt White,matt white
945,4,grave encounters,2011,Sasha Parker,sasha parker
981,0,grave encounters 2,2012,Jared Lee,jared lee
981,1,grave encounters 2,2012,Tessa Books,tessa books
981,2,grave encounters 2,2012,Asylum Security Guard,asylum security guard
981,3,grave encounters 2,2012,Trevor Thompson,trevor thompson
981,4,grave encounters 2,2012,Sean Rogerston/Lance Preston,sean rogerston lance preston
981,5,grave encounters 2,2012,Jennifer Parker,jennifer parker
705,0,grudge,2004,Kayako Saeki,kayako saeki
705,1,grudge,2004,Mar,mar
705,2,grudge,2004,Toshio Saeki,toshio saeki
705,3,grudge,2004,Takeo Saeki,takeo saeki
705,4,grudge,2004,Peter Kirk,peter kirk
705,5,grudge,2004,Jennifer Williams,jennifer williams
705,6,grudge,2004,Matthew Williams,matthew williams
705,7,grudge,2004,Yoko,yoko
705,8,grudge,2004,Emma Williams,emma williams
705,9,grudge,2004,Susan Williams,susan williams
705,10,grudge,2004,Alex,alex
705,11,grudge,2004,Detective Nakagawa,detective nakagawa
705,12,grudge,2004,Doug,doug
1171,0,halloween,2018,Dr. Samuel Loomis,dr samuel loomis
1171,1,halloween,2018,Officer Warden Kuneman,officer warden kuneman
1171,2,halloween,2018,Kevin's Father,kevins father
1171,3,halloween,2018,Kevin,kevin
1171,4,halloween,2018,Mechanic,mechanic
1171,5,halloween,2018,Cashier,cashier
1171,6,halloween,2018,Aaron Korey,aaron korey
1171,7,halloween,2018,Dana Haines,dana haines
1171,8,halloween,2018,Gina Panchella,gina panchella
1171,9,halloween,2018,Andrea Wagner,andrea wagner
1171,10,halloween,2018,Vicky,vicky
1171,11,halloween,2018,Dave,dave
1171,12,halloween,2018,Oscar,oscar
1171,13,halloween,2018,Deputy Frank Hawkins,deputy frank hawkins
1171,14,halloween,2018,Dr. Ranbir Sartain,dr ranbir sartain
1171,15,halloween,2018,Officer Richard,officer richard
1171,16,halloween,2018,Officer Francis,officer francis
1171,17,halloween,2018,Ray Nelson,ray nelson
115,0,halloween,1978,Judith Margaret Myers,judith margaret myers
115,1,halloween,1978,Christopher Joseph Hastings,christopher joseph hastings
115,2,halloween,1978,Dog,dog
115,3,halloween,1978,Lester the Dog,lester dog
115,4,halloween,1978,"Anne Marie ""Annie"" Brackett",anne marie annie brackett
115,5,halloween,1978,"Robert David ""Bob"" Simms",robert david bob simms
115,6,halloween,1978,Lynda Van Der Klok,lynda van der klok
806,0,halloween,2007,Wesley Rhodes,wesley rhodes
806,1,halloween,2007,Ronnie White,ronnie white
806,2,halloween,2007,Steve Haley,steve haley
806,3,halloween,2007,Judith Myers,judith myers
806,4,halloween,2007,Nurse Wynn,nurse wynn
806,5,halloween,2007,Deborah Myers,deborah myers
806,6,halloween,2007,Jack Kendall,jack kendall
806,7,halloween,2007,Noel Kluggs,noel kluggs
806,8,halloween,2007,Zach Garrett,zach garrett
806,9,halloween,2007,Larry Redgrave,larry redgrave
806,10,halloween,2007,Stan Payne,stan payne
806,11,halloween,2007,Patty Frost,patty frost
806,12,halloween,2007,Gloria,gloria
806,13,halloween,2007,Ismael Cruz,ismael cruz
806,14,halloween,2007,Joe Grizzly,joe grizzly
806,15,halloween,2007,Bob Simms,bob simms
806,16,halloween,2007,Lynda Van Der Klok,lynda van der klok
806,17,halloween,2007,Mason Strode,mason strode
806,18,halloween,2007,Cynthia Strode,cynthia strode
806,19,halloween,2007,Paul Freedman,paul freedman
806,20,halloween,2007,Officer Lowery,officer lowery
806,21,halloween,2007,Deputy Charles,deputy charles
806,22,halloween,2007,Michael Myers,michael myers
374,0,halloween 4 return of michael myers,1988,Attendant J.Black,attendant jblack
374,1,halloween 4 return of michael myers,1988,Attendant L.Evans,attendant levans
374,2,halloween 4 return of michael myers,1988,2 Paramedics,2 paramedics
374,3,halloween 4 return of michael myers,1988,Mechanic,mechanic
374,4,halloween 4 return of michael myers,1988,Shelly Matthews,shelly matthews
374,5,halloween 4 return of michael myers,1988,Sundae the Dog,sundae dog
374,6,halloween 4 return of michael myers,1988,Bucky,bucky
374,7,halloween 4 return of michael myers,1988,Deputy Pierce,deputy pierce
374,8,halloween 4 return of michael myers,1988,2 Police Officers,2 police officers
374,9,halloween 4 return of michael myers,1988,Ted Hollister,ted hollister
374,10,halloween 4 return of michael myers,1988,Deputy Logan,deputy logan
374,11,halloween 4 return of michael myers,1988,Kelly Meeker,kelly meeker
374,12,halloween 4 return of michael myers,1988,Brady,brady
374,13,halloween 4 return of michael myers,1988,Orrin Gateway,orrin gateway
374,14,halloween 4 return of michael myers,1988,Big Al Gateway,big al gateway
374,15,halloween 4 return of michael myers,1988,Unger,unger
374,16,halloween 4 return of michael myers,1988,Earl Ford,earl ford
404,0,halloween 5 revenge of michael myers,1989,Mountain Man,mountain man
404,1,halloween 5 revenge of michael myers,1989,Rachel Carruthers,rachel carruthers
404,2,halloween 5 revenge of michael myers,1989,Mike,mike
404,3,halloween 5 revenge of michael myers,1989,Spitz,spitz
404,4,halloween 5 revenge of michael myers,1989,Samantha Thomas,samantha thomas
404,5,halloween 5 revenge of michael myers,1989,Deputy Nick Ross,deputy nick ross
404,6,halloween 5 revenge of michael myers,1989,Deputy Tom Farrah,deputy tom farrah
404,7,halloween 5 revenge of michael myers,1989,Tina Williams,tina williams
404,8,halloween 5 revenge of michael myers,1989,Deputy Eddy Grey,deputy eddy grey
404,9,halloween 5 revenge of michael myers,1989,Deputy Charlie Bloch,deputy charlie bloch
404,10,halloween 5 revenge of michael myers,1989,Dr. Max Hart,dr max hart
404,11,halloween 5 revenge of michael myers,1989,Nurse Patsey West,nurse patsey west
404,12,halloween 5 revenge of michael myers,1989,Max the Dog,max dog
404,13,halloween 5 revenge of michael myers,1989,Sheriff Ben Meeker,sheriff ben meeker
404,14,halloween 5 revenge of michael myers,1989,6 Police Officers,6 police officers
404,15,halloween 5 revenge of michael myers,1989,Deputy Tony,deputy tony
522,0,halloween curse of michael myers,1995,Nurse Mary,nurse mary
522,1,halloween curse of michael myers,1995,Motorist,motorist
522,2,halloween curse of michael myers,1995,Jamie Lloyd,jamie lloyd
522,3,halloween curse of michael myers,1995,Debra Strode,debra strode
522,4,halloween curse of michael myers,1995,John Strode,john strode
522,5,halloween curse of michael myers,1995,Barry Simms,barry simms
522,6,halloween curse of michael myers,1995,Tim Strode,tim strode
522,7,halloween curse of michael myers,1995,Beth,beth
522,8,halloween curse of michael myers,1995,Sanitarium Patient,sanitarium patient
522,9,halloween curse of michael myers,1995,Dr. Bonham,dr bonham
522,10,halloween curse of michael myers,1995,Dawn Thompson,dawn thompson
522,11,halloween curse of michael myers,1995,Mrs. Blankenship,mrs blankenship
522,12,halloween curse of michael myers,1995,4 Cult Doctors,4 cult doctors
522,13,halloween curse of michael myers,1995,The Entire Thorn Cult,entire thorn cult
522,14,halloween curse of michael myers,1995,Dr. Terence Wynn,dr terence wynn
522,15,halloween curse of michael myers,1995,Cult Doctor,cult doctor
577,0,halloween h20 20 years later,1998,Dr. Samuel Loomis,dr samuel loomis
577,1,halloween h20 20 years later,1998,Jimmy Howell,jimmy howell
577,2,halloween h20 20 years later,1998,Tony Allegre,tony allegre
577,3,halloween h20 20 years later,1998,Marion Whittington,marion whittington
577,4,halloween h20 20 years later,1998,Charles Deveraux,charles deveraux
577,5,halloween h20 20 years later,1998,Sarah Wainthrope,sarah wainthrope
577,6,halloween h20 20 years later,1998,Will Brennan,will brennan
577,7,halloween h20 20 years later,1998,Paramedic,paramedic
883,0,halloween ii,2009,Kristen Parker,kristen parker
883,1,halloween ii,2009,Coroner Alan Hooks,coroner alan hooks
883,2,halloween ii,2009,Coroner Gary Scott,coroner gary scott
883,3,halloween ii,2009,Nurse Octavia Daniels,nurse octavia daniels
883,4,halloween ii,2009,Nurse,nurse
883,5,halloween ii,2009,Multiple Hospital Staff Patients,multiple hospital staff patients
883,6,halloween ii,2009,Buddy,buddy
883,7,halloween ii,2009,Floyd Benny,floyd benny
883,8,halloween ii,2009,Sherman Benny,sherman benny
883,9,halloween ii,2009,Jazlean Benny,jazlean benny
883,10,halloween ii,2009,Ivan (Dog),ivan dog
883,11,halloween ii,2009,Howard Boggs,howard boggs
883,12,halloween ii,2009,Lou Martini,lou martini
883,13,halloween ii,2009,Misty Dawn,misty dawn
883,14,halloween ii,2009,Wolfie,wolfie
883,15,halloween ii,2009,Harley David,harley david
883,16,halloween ii,2009,Deputy Andy Neale,deputy andy neale
883,17,halloween ii,2009,Annie Brackett,annie brackett
883,18,halloween ii,2009,Mya Rockwell,mya rockwell
883,19,halloween ii,2009,Becks,becks
883,20,halloween ii,2009,Dr.Samuel Loomis,drsamuel loomis
883,21,halloween ii,2009,,nan
883,22,halloween ii,2009,Angel Myers/Laurie Strode,angel myers laurie strode
198,0,halloween ii,1981,Alice Martin,alice martin
198,1,halloween ii,1981,Ben Tramer,ben tramer
198,2,halloween ii,1981,Bernard Garrett,bernard garrett
198,3,halloween ii,1981,Budd Scarlotti,budd scarlotti
198,4,halloween ii,1981,Nurse Karen Bailey,nurse karen bailey
198,5,halloween ii,1981,Dr. Frederick Mixter,dr frederick mixter
198,6,halloween ii,1981,Nurse Janet Marshall,nurse janet marshall
198,7,halloween ii,1981,Nurse Virginia Alves,nurse virginia alves
198,8,halloween ii,1981,Nurse Jill Franco,nurse jill franco
198,9,halloween ii,1981,Terrence Gummell,terrence gummell
227,0,halloween iii season of witch,1982,Silver Shamrock Henchman,silver shamrock henchman
227,1,halloween iii season of witch,1982,Harry Grimbridge,harry grimbridge
227,2,halloween iii season of witch,1982,Silver Shamrock Hecnchman,silver shamrock hecnchman
227,3,halloween iii season of witch,1982,Starker,starker
227,4,halloween iii season of witch,1982,Marge Guttman,marge guttman
227,5,halloween iii season of witch,1982,Silver Shamrock Henchman,silver shamrock henchman
227,6,halloween iii season of witch,1982,Buddy Kupfer Jr.,buddy kupfer jr
227,7,halloween iii season of witch,1982,Betty Kupfer,betty kupfer
227,8,halloween iii season of witch,1982,Buddy Kupfer,buddy kupfer
227,9,halloween iii season of witch,1982,Coroner Teddy,coroner teddy
227,10,halloween iii season of witch,1982,16 Silver Shamrock Henchmens,16 silver shamrock henchmens
227,11,halloween iii season of witch,1982,Conal Cochran,conal cochran
227,12,halloween iii season of witch,1982,Ellie Grimbridge,ellie grimbridge
227,13,halloween iii season of witch,1982,Ellie Grimbridge Android,ellie grimbridge android
656,0,halloween resurrection,2002,Franklin Munroe,franklin munroe
656,1,halloween resurrection,2002,Willie Haines,willie haines
656,2,halloween resurrection,2002,Laurie Strode,laurie strode
656,3,halloween resurrection,2002,Charley Albans,charley albans
656,4,halloween resurrection,2002,Bill Woodlake,bill woodlake
656,5,halloween resurrection,2002,Donna Chang,donna chang
656,6,halloween resurrection,2002,Jenna Danzig,jenna danzig
656,7,halloween resurrection,2002,Jim Morgan,jim morgan
656,8,halloween resurrection,2002,Rudy Grimms,rudy grimms
656,9,halloween resurrection,2002,Nora Winston,nora winston
656,10,halloween resurrection,2002,Nurse,nurse
306,0,henry portrait of a serial killer,1986,Women #1,women 1
306,1,henry portrait of a serial killer,1986,Store Clerk,store clerk
306,2,henry portrait of a serial killer,1986,Store Clerk,store clerk
306,3,henry portrait of a serial killer,1986,Women #2,women 2
306,4,henry portrait of a serial killer,1986,Women #3,women 3
306,5,henry portrait of a serial killer,1986,Women #4,women 4
306,6,henry portrait of a serial killer,1986,Hooker #1,hooker 1
306,7,henry portrait of a serial killer,1986,Hooker #2,hooker 2
306,8,henry portrait of a serial killer,1986,TV salesman,tv salesman
306,9,henry portrait of a serial killer,1986,Murdered Family - Son,murdered family son
306,10,henry portrait of a serial killer,1986,Murdered Family - Wife,murdered family wife
306,11,henry portrait of a serial killer,1986,Murdered Family - Husband,murdered family husband
306,12,henry portrait of a serial killer,1986,Shooting Victim,shooting victim
306,13,henry portrait of a serial killer,1986,Otis,otis
306,14,henry portrait of a serial killer,1986,Becky,becky
760,0,hills have eyes,2006,Beauty (Dog),beauty dog
760,1,hills have eyes,2006,Fred,fred
760,2,hills have eyes,2006,Bob Carter,bob carter
760,3,hills have eyes,2006,Ethel Carter,ethel carter
760,4,hills have eyes,2006,Lynn Carter-Bukowski,lynn carter bukowski
760,5,hills have eyes,2006,Goggle,goggle
760,6,hills have eyes,2006,Pluto,pluto
760,7,hills have eyes,2006,Cyst,cyst
760,8,hills have eyes,2006,Big Brain,big brain
760,9,hills have eyes,2006,Lizard,lizard
760,10,hills have eyes,2006,Ruby,ruby
760,11,hills have eyes,2006,Papa Jupiter,papa jupiter
825,0,hills have eyes 2,2007,Mutant Baby,mutant baby
825,1,hills have eyes 2,2007,Pregnant Woman,pregnant woman
825,2,hills have eyes 2,2007,Doctor Han,doctor han
825,3,hills have eyes 2,2007,Doctor Paul Foster,doctor paul foster
825,4,hills have eyes 2,2007,Doctor Wilson,doctor wilson
825,5,hills have eyes 2,2007,Private Mickey Elrod,private mickey elrod
825,6,hills have eyes 2,2007,Sergeant Jeffrey Millstone,sergeant jeffrey millstone
825,7,hills have eyes 2,2007,"Corporal ""Spitter"" Cole",corporal spitter cole
825,8,hills have eyes 2,2007,Colonel Lincoln Redding,colonel lincoln redding
825,9,hills have eyes 2,2007,Stabber,stabber
825,10,hills have eyes 2,2007,"Private ""Stump"" Locke",private stump locke
825,11,hills have eyes 2,2007,Chameleon,chameleon
825,12,hills have eyes 2,2007,Grabber,grabber
825,13,hills have eyes 2,2007,Private Delmar Reed,private delmar reed
825,14,hills have eyes 2,2007,"Private ""Crank"" Medina",private crank medina
825,15,hills have eyes 2,2007,Letch,letch
825,16,hills have eyes 2,2007,Papa Hades,papa hades
307,0,hitcher,1986,Four family members,four family members
307,1,hitcher,1986,Man and Woman,man and woman
307,2,hitcher,1986,Sergeant Starr,sergeant starr
307,3,hitcher,1986,Trooper Donner,trooper donner
307,4,hitcher,1986,Trooper Hapscomb,trooper hapscomb
307,5,hitcher,1986,Trooper Prestone,trooper prestone
307,6,hitcher,1986,Trooper Conners,trooper conners
307,7,hitcher,1986,3 Cops,3 cops
307,8,hitcher,1986,Deputy sheriffs,deputy sheriffs
307,9,hitcher,1986,The Pilot and Gunman,pilot and gunman
307,10,hitcher,1986,3 cops,3 cops
307,11,hitcher,1986,Nash,nash
307,12,hitcher,1986,State Trooper,state trooper
307,13,hitcher,1986,Bus driver,bus driver
307,14,hitcher,1986,John Ryder,john ryder
808,0,hostel part ii,2007,Paxton,paxton
808,1,hostel part ii,2007,Lorna,lorna
808,2,hostel part ii,2007,Bubblegum gang member,bubblegum gang member
808,3,hostel part ii,2007,Several escapees of the EHC,several escapees of ehc
808,4,hostel part ii,2007,Todd,todd
808,5,hostel part ii,2007,EHC Victim,ehc victim
808,6,hostel part ii,2007,Miroslav,miroslav
808,7,hostel part ii,2007,Whitney Swerling,whitney swerling
808,8,hostel part ii,2007,Stuart,stuart
808,9,hostel part ii,2007,Axelle,axelle
730,0,house of wax,2005,Alternate Opening Victim Woman,alternate opening victim woman
730,1,house of wax,2005,Wade,wade
730,2,house of wax,2005,Dalton,dalton
730,3,house of wax,2005,Blake,blake
730,4,house of wax,2005,Paige,paige
730,5,house of wax,2005,Bo Sinclair,bo sinclair
730,6,house of wax,2005,Vincent Sinclair,vincent sinclair
915,0,i spit on your grave,2010,Earl,earl
915,1,i spit on your grave,2010,Andy,andy
915,2,i spit on your grave,2010,Stanley,stanley
915,3,i spit on your grave,2010,Johnny,johnny
915,4,i spit on your grave,2010,Sheriff Storch,sheriff storch
915,5,i spit on your grave,2010,Matthew,matthew
916,0,insidious,2010,Elise Rainier,elise rainier
557,0,jack frost,1997,"Harv, the Guard",harv guard
557,1,jack frost,1997,Second Driver,second driver
557,2,jack frost,1997,Tanker Driver,tanker driver
557,3,jack frost,1997,Jack Frost,jack frost
557,4,jack frost,1997,Old Man Harper,old man harper
557,5,jack frost,1997,Billy Metzner,billy metzner
557,6,jack frost,1997,Jake Metzner,jake metzner
557,7,jack frost,1997,Sally,sally
557,8,jack frost,1997,Deputy Pullman,deputy pullman
557,9,jack frost,1997,Tommy,tommy
557,10,jack frost,1997,Jill Metzner,jill metzner
557,11,jack frost,1997,Stone,stone
495,0,jason goes to hell final friday,1993,Coroner Phil,coroner phil
495,1,jason goes to hell final friday,1993,Coroner 2,coroner 2
495,2,jason goes to hell final friday,1993,FBI Agent 1,fbi agent 1
495,3,jason goes to hell final friday,1993,FBI Agent 2,fbi agent 2
495,4,jason goes to hell final friday,1993,Alexis Peterson,alexis peterson
495,5,jason goes to hell final friday,1993,Deborah Caldwell,deborah caldwell
495,6,jason goes to hell final friday,1993,Luke McCabey,luke mccabey
495,7,jason goes to hell final friday,1993,Edna,edna
495,8,jason goes to hell final friday,1993,Deputy Josh,deputy josh
495,9,jason goes to hell final friday,1993,Diana Kimble,diana kimble
495,10,jason goes to hell final friday,1993,Robert Campbell,robert campbell
495,11,jason goes to hell final friday,1993,Officer Ryan,officer ryan
495,12,jason goes to hell final friday,1993,"Officer Mark, Officer Brian",officer mark officer brian
495,13,jason goes to hell final friday,1993,Ward,ward
495,14,jason goes to hell final friday,1993,Diner Patron (Plaid),diner patron plaid
495,15,jason goes to hell final friday,1993,Diner Patron (Blue),diner patron blue
495,16,jason goes to hell final friday,1993,Shelby,shelby
495,17,jason goes to hell final friday,1993,Joey B.,joey b
495,18,jason goes to hell final friday,1993,Vicki,vicki
495,19,jason goes to hell final friday,1993,Officer Randy,officer randy
495,20,jason goes to hell final friday,1993,Sheriff Landis,sheriff landis
495,21,jason goes to hell final friday,1993,Jason Voorhees,jason voorhees
632,0,jason x,2001,Private Johnson,private johnson
632,1,jason x,2001,Guard 1,guard 1
632,2,jason x,2001,Guard 2,guard 2
632,3,jason x,2001,Guard 3,guard 3
632,4,jason x,2001,Guard 4,guard 4
632,5,jason x,2001,Dr.Whimmer,drwhimmer
632,6,jason x,2001,Sgt.Marcus,sgtmarcus
632,7,jason x,2001,Adrienne,adrienne
632,8,jason x,2001,Stoney,stoney
632,9,jason x,2001,Azrael,azrael
632,10,jason x,2001,Dallas,dallas
632,11,jason x,2001,Sven,sven
632,12,jason x,2001,Condor,condor
632,13,jason x,2001,Geko,geko
632,14,jason x,2001,Kicker,kicker
632,15,jason x,2001,Briggs,briggs
632,16,jason x,2001,Fat Lou,fat lou
632,17,jason x,2001,Professor Lowe,professor lowe
632,18,jason x,2001,Crutch,crutch
632,19,jason x,2001,Kinsa,kinsa
632,20,jason x,2001,Waylander,waylander
632,21,jason x,2001,Janessa,janessa
632,22,jason x,2001,Sgt.Brodski,sgtbrodski
632,23,jason x,2001,Jason Voorhees,jason voorhees
119,0,jaws 2,1978,Unnamed Scuba Diver,unnamed scuba diver
119,1,jaws 2,1978,Unnamed Scuba Diver,unnamed scuba diver
119,2,jaws 2,1978,Terry,terry
119,3,jaws 2,1978,Diane,diane
119,4,jaws 2,1978,Orca (Killer Whale),orca killer whale
119,5,jaws 2,1978,"Eddie ""Edward"" Marchand",eddie edward marchand
119,6,jaws 2,1978,Harbor Patrol Pilot,harbor patrol pilot
119,7,jaws 2,1978,Marge,marge
119,8,jaws 2,1978,Brucette (Shark),brucette shark
250,0,jaws 3 d,1983,Fish,fish
250,1,jaws 3 d,1983,Shelby Overman,shelby overman
250,2,jaws 3 d,1983,Randy,randy
250,3,jaws 3 d,1983,Ed,ed
250,4,jaws 3 d,1983,Danny,danny
250,5,jaws 3 d,1983,"Philip ""Phil"" FitzRoyce",philip phil fitzroyce
250,6,jaws 3 d,1983,Fred,fred
250,7,jaws 3 d,1983,Brucetta (Shark),brucetta shark
340,0,jaws revenge,1987,Martin Brody,martin brody
340,1,jaws revenge,1987,Sean Brody,sean brody
340,2,jaws revenge,1987,Mrs. Ferguson,mrs ferguson
340,3,jaws revenge,1987,Jake,jake
340,4,jaws revenge,1987,Vengeance (Shark),vengeance shark
378,0,killer klowns from outer space,1988,Pooh Bear,pooh bear
378,1,killer klowns from outer space,1988,Farmer Gene Green,farmer gene green
378,2,killer klowns from outer space,1988,Joe Lombardo,joe lombardo
378,3,killer klowns from outer space,1988,Bob McReed,bob mcreed
378,4,killer klowns from outer space,1988,Mom #1,mom 1
378,5,killer klowns from outer space,1988,Mom #2,mom 2
378,6,killer klowns from outer space,1988,Little Girl,little girl
378,7,killer klowns from outer space,1988,Mrs. Franco,mrs franco
378,8,killer klowns from outer space,1988,Slug,slug
378,9,killer klowns from outer space,1988,Mr. Myers,mr myers
378,10,killer klowns from outer space,1988,Motorist,motorist
378,11,killer klowns from outer space,1988,Janitor,janitor
378,12,killer klowns from outer space,1988,5 unnamed people,5 unnamed people
378,13,killer klowns from outer space,1988,Deputy Curtis Mooney,deputy curtis mooney
378,14,killer klowns from outer space,1988,Punk #1 and Punk #2,punk 1 and punk 2
378,15,killer klowns from outer space,1988,Jumbo,jumbo
378,16,killer klowns from outer space,1988,Many unnamed people,many unnamed people
378,17,killer klowns from outer space,1988,Unnamed Person,unnamed person
378,18,killer klowns from outer space,1988,Amusement Park Security Guard,amusement park security guard
378,19,killer klowns from outer space,1988,8 unnamed people,8 unnamed people
378,20,killer klowns from outer space,1988,Boco,boco
378,21,killer klowns from outer space,1988,Female Killer Klown,female killer klown
378,22,killer klowns from outer space,1988,Fatso,fatso
378,23,killer klowns from outer space,1988,Jojo the Klownzilla,jojo klownzilla
378,24,killer klowns from outer space,1988,"Mojo, Joe, Bibbo, Spikey, Magori, Chubby, Rudy, Shorty, Slam, Frank, Tiny",mojo joe bibbo spikey magori chubby rudy shorty slam frank tiny
1089,0,lazarus effect,2015,Zoe,zoe
1089,1,lazarus effect,2015,Niko,niko
1089,2,lazarus effect,2015,Clay,clay
1089,3,lazarus effect,2015,Frank,frank
1089,4,lazarus effect,2015,Eva,eva
1144,0,leatherface film,2017,Blake,blake
1144,1,leatherface film,2017,Betty Hartman,betty hartman
1144,2,leatherface film,2017,Nurse,nurse
1144,3,leatherface film,2017,Orderly,orderly
1144,4,leatherface film,2017,Orderly,orderly
1144,5,leatherface film,2017,Female Patient,female patient
1144,6,leatherface film,2017,Dr. Lang,dr lang
1144,7,leatherface film,2017,Nurse,nurse
1144,8,leatherface film,2017,Insane Asylum Patient,insane asylum patient
1144,9,leatherface film,2017,Orderly,orderly
1144,10,leatherface film,2017,Male Diner Customer,male diner customer
1144,11,leatherface film,2017,Male Diner Customer,male diner customer
1144,12,leatherface film,2017,Male Diner Customer,male diner customer
1144,13,leatherface film,2017,Tammy,tammy
1144,14,leatherface film,2017,"Isaac ""Ike""",isaac ike
1144,15,leatherface film,2017,Clarice,clarice
1144,16,leatherface film,2017,Bud,bud
1144,17,leatherface film,2017,Deputy,deputy
1144,18,leatherface film,2017,Deputy Sorells,deputy sorells
1144,19,leatherface film,2017,Texas Ranger Hal Hartman,texas ranger hal hartman
1144,20,leatherface film,2017,"Nurse Elizabeth ""Lizzy"" White",nurse elizabeth lizzy white
438,0,leatherface texas chainsaw massacre iii,1990,W.E. Sawyer,we sawyer
438,1,leatherface texas chainsaw massacre iii,1990,Sally Hardesty Enright,sally hardesty enright
438,2,leatherface texas chainsaw massacre iii,1990,Gina,gina
438,3,leatherface texas chainsaw massacre iii,1990,Sara,sara
438,4,leatherface texas chainsaw massacre iii,1990,Ryan McArther,ryan mcarther
438,5,leatherface texas chainsaw massacre iii,1990,Mamma Sawyer,mamma sawyer
438,6,leatherface texas chainsaw massacre iii,1990,"""Tech/Tinker"" Sawyer",tech tinker sawyer
438,7,leatherface texas chainsaw massacre iii,1990,"Eddie ""Tex"" Sawyer",eddie tex sawyer
438,8,leatherface texas chainsaw massacre iii,1990,Benny,benny
438,9,leatherface texas chainsaw massacre iii,1990,Alfredo Sawyer,alfredo sawyer
169,0,maniac,1980,Beach girl,beach girl
169,1,maniac,1980,Beach boy,beach boy
169,2,maniac,1980,Hooker,hooker
169,3,maniac,1980,Disco boy,disco boy
169,4,maniac,1980,Disco girl,disco girl
169,5,maniac,1980,Rita,rita
169,6,maniac,1980,Frank Zito,frank zito
169,7,maniac,1980,Carmen Zito,carmen zito
660,0,may,2002,Lupe,lupe
660,1,may,2002,Blank,blank
660,2,may,2002,Polly,polly
660,3,may,2002,Ambrosia,ambrosia
660,4,may,2002,Hoop,hoop
660,5,may,2002,Adam Stubbs,adam stubbs
634,0,mermaid chronicles part 1 she creature,2001,Old Woman,old woman
634,1,mermaid chronicles part 1 she creature,2001,Mr. Woolrich,mr woolrich
634,2,mermaid chronicles part 1 she creature,2001,Bailey,bailey
634,3,mermaid chronicles part 1 she creature,2001,Russian Eddie,russian eddie
634,4,mermaid chronicles part 1 she creature,2001,Miles,miles
634,5,mermaid chronicles part 1 she creature,2001,Sailor,sailor
634,6,mermaid chronicles part 1 she creature,2001,Unnamed Person,unnamed person
634,7,mermaid chronicles part 1 she creature,2001,Unnamed Person,unnamed person
634,8,mermaid chronicles part 1 she creature,2001,Unnamed Person,unnamed person
634,9,mermaid chronicles part 1 she creature,2001,Unnamed Person,unnamed person
634,10,mermaid chronicles part 1 she creature,2001,Unnamed Person,unnamed person
634,11,mermaid chronicles part 1 she creature,2001,Gifford,gifford
634,12,mermaid chronicles part 1 she creature,2001,Angus,angus
15,0,night of dark shadows,1971,Films Â â¢Â  Characters Â â¢Â  Cast Â â¢Â  Images,films characters cast images
382,0,night of demons,1988,Suzanne,suzanne
382,1,night of demons,1988,Stooge,stooge
382,2,night of demons,1988,Helen,helen
382,3,night of demons,1988,Jay Jansen,jay jansen
382,4,night of demons,1988,Frannie,frannie
382,5,night of demons,1988,Max,max
382,6,night of demons,1988,Sal Romero,sal romero
382,7,night of demons,1988,Angela Franklin,angela franklin
382,8,night of demons,1988,Old Man,old man
921,0,paranormal activity 2,2010,Daniel Rey,daniel rey
921,1,paranormal activity 2,2010,Kristi Rey,kristi rey
951,0,paranormal activity 3,2011,Julie,julie
951,1,paranormal activity 3,2011,Dennis,dennis
1060,0,paranormal activity marked ones,2014,Anna,anna
1060,1,paranormal activity marked ones,2014,Oscar,oscar
1060,2,paranormal activity marked ones,2014,Irma Arista,irma arista
1060,3,paranormal activity marked ones,2014,Santo,santo
1060,4,paranormal activity marked ones,2014,Arturo Lopez,arturo lopez
1060,5,paranormal activity marked ones,2014,Marisol,marisol
1060,6,paranormal activity marked ones,2014,Hector Estrella,hector estrella
598,0,rage carrie 2,1999,Lisa Parker,lisa parker
598,1,rage carrie 2,1999,Chuck Potter,chuck potter
598,2,rage carrie 2,1999,Unknown Guy,unknown guy
598,3,rage carrie 2,1999,Various people,various people
598,4,rage carrie 2,1999,Brad Winters,brad winters
598,5,rage carrie 2,1999,Sue Snell,sue snell
598,6,rage carrie 2,1999,Debra Meschan,debra meschan
598,7,rage carrie 2,1999,Various People,various people
598,8,rage carrie 2,1999,Monica Jones,monica jones
598,9,rage carrie 2,1999,Eric Stark,eric stark
598,10,rage carrie 2,1999,Mark Bing,mark bing
598,11,rage carrie 2,1999,Tracy Campbell,tracy campbell
598,12,rage carrie 2,1999,Rachel Lang,rachel lang
817,0,return to house on haunted hill,2007,Sara Wolfe,sara wolfe
817,1,return to house on haunted hill,2007,Warren Jackson,warren jackson
817,2,return to house on haunted hill,2007,Harue,harue
817,3,return to house on haunted hill,2007,Norris Boz,norris boz
817,4,return to house on haunted hill,2007,Samuel,samuel
817,5,return to house on haunted hill,2007,Kyle,kyle
817,6,return to house on haunted hill,2007,Michelle,michelle
817,7,return to house on haunted hill,2007,Desmond Niles,desmond niles
817,8,return to house on haunted hill,2007,Dr. Richard Hammer,dr richard hammer
817,9,return to house on haunted hill,2007,Ghost Dr. Richard B. Vannacutt & The Ghosts,ghost dr richard b vannacutt ghosts
662,0,rose red,2002,Kevin Bollinger,kevin bollinger
662,1,rose red,2002,Pam Asbury,pam asbury
662,2,rose red,2002,"Victor ""Vic"" Kandinsky",victor vic kandinsky
662,3,rose red,2002,Nick Hardaway,nick hardaway
662,4,rose red,2002,Dr. Carl Miller,dr carl miller
662,5,rose red,2002,Kay Waterman,kay waterman
662,6,rose red,2002,Dr. Joyce Reardon,dr joyce reardon
637,0,route 666,2001,"John La Roca, Miles Hackman, Steve Pikowski, and Frank Slater",john la roca miles hackman steve pikowski and frank slater
637,1,route 666,2001,Benny,benny
637,2,route 666,2001,Joe,joe
637,3,route 666,2001,Nick,nick
637,4,route 666,2001,Mary,mary
637,5,route 666,2001,Deputy Gil Conaway,deputy gil conaway
637,6,route 666,2001,PT,pt
637,7,route 666,2001,Deputy Tim Conaway,deputy tim conaway
637,8,route 666,2001,Sheriff Bob Conaway,sheriff bob conaway
855,0,ruins,2008,Henreich and his colleague,henreich and his colleague
855,1,ruins,2008,Mayan Child,mayan child
855,2,ruins,2008,Mathias,mathias
855,3,ruins,2008,Eric,eric
855,4,ruins,2008,Stacy,stacy
855,5,ruins,2008,Jeff,jeff
855,6,ruins,2008,Amy (Implied in original cut/confirmed in alternative cut),amy implied in original cut confirmed in alternative cut
623,0,scary movie,2000,David Keegan,david keegan
623,1,scary movie,2000,Drew Decker,drew decker
623,2,scary movie,2000,Annoying Guy,annoying guy
623,3,scary movie,2000,Greg Phillipe,greg phillipe
623,4,scary movie,2000,Cindy's Grandma,cindys grandma
623,5,scary movie,2000,Buffy Gilmore,buffy gilmore
623,6,scary movie,2000,Teacher,teacher
623,7,scary movie,2000,Heather's Boyfriend,heathers boyfriend
623,8,scary movie,2000,Heather,heather
623,9,scary movie,2000,Kenny,kenny
623,10,scary movie,2000,Brenda Meeks,brenda meeks
623,11,scary movie,2000,Tina,tina
623,12,scary movie,2000,Dookie,dookie
623,13,scary movie,2000,5 Stoners,5 stoners
623,14,scary movie,2000,Shorty Meeks,shorty meeks
623,15,scary movie,2000,Bobby Prinze,bobby prinze
623,16,scary movie,2000,Ray Wilkins,ray wilkins
638,0,scary movie 2,2001,Megan Voorhees,megan voorhees
638,1,scary movie 2,2001,Male and Female Student,male and female student
638,2,scary movie 2,2001,Professor Oldman,professor oldman
638,3,scary movie 2,2001,Alex Monday,alex monday
638,4,scary movie 2,2001,Hugh Kane's Ghost,hugh kanes ghost
638,5,scary movie 2,2001,Hanson,hanson
677,0,scary movie 3,2003,Tabitha,tabitha
677,1,scary movie 3,2003,Tabitha's Mother,tabithas mother
677,2,scary movie 3,2003,Annie Logan,annie logan
677,3,scary movie 3,2003,Katie,katie
677,4,scary movie 3,2003,Becca,becca
677,5,scary movie 3,2003,Simon Cowell,simon cowell
677,6,scary movie 3,2003,Brenda Meeks,brenda meeks
677,7,scary movie 3,2003,Michael Jackson,michael jackson
677,8,scary movie 3,2003,Gangsters,gangsters
677,9,scary movie 3,2003,Tabitha (Ghost),tabitha ghost
677,10,scary movie 3,2003,Cody Keller,cody keller
678,0,shredder,2003,Chad Charnley,chad charnley
678,1,shredder,2003,Shelly's Sister,shellys sister
678,2,shredder,2003,Sheriff Toney,sheriff toney
678,3,shredder,2003,Kirk Armstrong,kirk armstrong
678,4,shredder,2003,Robyn Van Arx,robyn van arx
678,5,shredder,2003,Shelly's Mother,shellys mother
678,6,shredder,2003,Christophe 'Chris' Ramos,christophe chris ramos
678,7,shredder,2003,Skyler,skyler
678,8,shredder,2003,Christophe's Friend,christophes friend
678,9,shredder,2003,Christophe's Friend,christophes friend
678,10,shredder,2003,Christophe's Friend,christophes friend
678,11,shredder,2003,Kimberly Van Arx,kimberly van arx
678,12,shredder,2003,Buddy 'Bud' Williams,buddy bud williams
678,13,shredder,2003,Snow Blower Driver,snow blower driver
678,14,shredder,2003,Evil Skier / Shelly Williams,evil skier shelly williams
771,0,silent hill,2006,Alessa Gillespie,alessa gillespie
771,1,silent hill,2006,Nurse Garland,nurse garland
771,2,silent hill,2006,Collin the janitor,collin janitor
771,3,silent hill,2006,Armless Man,armless man
771,4,silent hill,2006,Older Soldier,older soldier
771,5,silent hill,2006,Older Soldier,older soldier
771,6,silent hill,2006,Anna,anna
771,7,silent hill,2006,Dark Nurse,dark nurse
771,8,silent hill,2006,Dark Nurse,dark nurse
771,9,silent hill,2006,Dark Nurse,dark nurse
771,10,silent hill,2006,Cybil Bennet,cybil bennet
771,11,silent hill,2006,Cristabella,cristabella
771,12,silent hill,2006,Adam,adam
771,13,silent hill,2006,Cultist,cultist
1000,0,silent hill revelation,2012,Douglas Cartland,douglas cartland
1000,1,silent hill revelation,2012,Man,man
1000,2,silent hill revelation,2012,Mannequin,mannequin
1000,3,silent hill revelation,2012,Girl,girl
1000,4,silent hill revelation,2012,Suki Marks,suki marks
1000,5,silent hill revelation,2012,Zombie Monster,zombie monster
1000,6,silent hill revelation,2012,Leonard Wolf,leonard wolf
1000,7,silent hill revelation,2012,Asylum Inmate,asylum inmate
1000,8,silent hill revelation,2012,Asylum Inmate,asylum inmate
1000,9,silent hill revelation,2012,Asylum Inmate,asylum inmate
1000,10,silent hill revelation,2012,Asylum Inmate,asylum inmate
1000,11,silent hill revelation,2012,Brethren Member,brethren member
1000,12,silent hill revelation,2012,Brethren Member,brethren member
1000,13,silent hill revelation,2012,Brethren Member,brethren member
1000,14,silent hill revelation,2012,Brethren Members,brethren members
1000,15,silent hill revelation,2012,Alessa Gillespie,alessa gillespie
1000,16,silent hill revelation,2012,Claudia Wolf,claudia wolf
601,0,sleepy hollow,1999,Hessian,hessian
601,1,sleepy hollow,1999,Dirk Van Garrett,dirk van garrett
601,2,sleepy hollow,1999,Van Ripper,van ripper
601,3,sleepy hollow,1999,Hessian,hessian
601,4,sleepy hollow,1999,Hessian,hessian
601,5,sleepy hollow,1999,Hessian,hessian
601,6,sleepy hollow,1999,Hessian,hessian
601,7,sleepy hollow,1999,Hessian,hessian
601,8,sleepy hollow,1999,Hessian,hessian
601,9,sleepy hollow,1999,Hessian,hessian
601,10,sleepy hollow,1999,Hessian,hessian
601,11,sleepy hollow,1999,Hessian,hessian
601,12,sleepy hollow,1999,Hessian,hessian
601,13,sleepy hollow,1999,Hessian,hessian
601,14,sleepy hollow,1999,Hessian Horseman,hessian horseman
601,15,sleepy hollow,1999,Jonathan Masbath,jonathan masbath
601,16,sleepy hollow,1999,Lady Crane,lady crane
601,17,sleepy hollow,1999,Magistrate Philipse,magistrate philipse
601,18,sleepy hollow,1999,Witch,witch
601,19,sleepy hollow,1999,Killian,killian
601,20,sleepy hollow,1999,Beth Killian,beth killian
601,21,sleepy hollow,1999,Thomas Killian,thomas killian
601,22,sleepy hollow,1999,Brom Van Brunt,brom van brunt
601,23,sleepy hollow,1999,DoctorÂ´s Wife,doctor s wife
601,24,sleepy hollow,1999,Doctor Lancaster,doctor lancaster
601,25,sleepy hollow,1999,Reverend Steenwyck,reverend steenwyck
601,26,sleepy hollow,1999,Baltus Van Tassel,baltus van tassel
601,27,sleepy hollow,1999,Sarah,sarah
601,28,sleepy hollow,1999,Witch,witch
601,29,sleepy hollow,1999,Lady Van Tassel,lady van tassel
318,0,sorority house massacre,1986,Beth's Father,beths father
318,1,sorority house massacre,1986,Beth's Mother,beths mother
318,2,sorority house massacre,1986,Hospital Orderly,hospital orderly
318,3,sorority house massacre,1986,Hardware shop Owner,hardware shop owner
318,4,sorority house massacre,1986,Andy,andy
318,5,sorority house massacre,1986,Tracy,tracy
318,6,sorority house massacre,1986,John,john
318,7,sorority house massacre,1986,Craig,craig
318,8,sorority house massacre,1986,Sara,sara
318,9,sorority house massacre,1986,Linda,linda
318,10,sorority house massacre,1986,Bobby,bobby
448,0,sorority house massacre 2,1990,Janey,janey
448,1,sorority house massacre 2,1990,Suzanne,suzanne
448,2,sorority house massacre 2,1990,Kimberly,kimberly
448,3,sorority house massacre 2,1990,Jessica,jessica
448,4,sorority house massacre 2,1990,Linda,linda
448,5,sorority house massacre 2,1990,Orville Ketchum,orville ketchum
896,0,sorority row,2009,Megan Blaire,megan blaire
896,1,sorority row,2009,Dr.Rosenberg,drrosenberg
896,2,sorority row,2009,"Charlene ""Chugs"" Bradley",charlene chugs bradley
896,3,sorority row,2009,Joanna,joanna
896,4,sorority row,2009,Mickey Donaldson,mickey donaldson
896,5,sorority row,2009,Claire Wen,claire wen
896,6,sorority row,2009,Mrs. Crenshaw,mrs crenshaw
896,7,sorority row,2009,Kyle Tyson,kyle tyson
896,8,sorority row,2009,Jessica Pierson,jessica pierson
896,9,sorority row,2009,Andy Richards,andy richards
450,0,stephen kings it,1990,Laurie Ann,laurie ann
450,1,stephen kings it,1990,Georgie Denbrough,georgie denbrough
450,2,stephen kings it,1990,"Victor ""Vic"" Criss",victor vic criss
450,3,stephen kings it,1990,"Reginald ""Belch"" Higgins",reginald belch higgins
450,4,stephen kings it,1990,Stanley Uris,stanley uris
450,5,stephen kings it,1990,Alvin Marsh,alvin marsh
450,6,stephen kings it,1990,Koontz,koontz
450,7,stephen kings it,1990,Henry Bowers,henry bowers
450,8,stephen kings it,1990,"Edward ""Eddie"" Kaspbrak",edward eddie kaspbrak
450,9,stephen kings it,1990,Pennywise,pennywise
179,0,terror train,1980,Ed,ed
179,1,terror train,1980,Jackson,jackson
179,2,terror train,1980,Mitchy,mitchy
179,3,terror train,1980,Mo,mo
179,4,terror train,1980,Doc Manley,doc manley
179,5,terror train,1980,Magician,magician
179,6,terror train,1980,Guard,guard
179,7,terror train,1980,Kenny Hampson,kenny hampson
68,0,texas chain saw massacre,1974,Mr Hardesty Enright,mr hardesty enright
68,1,texas chain saw massacre,1974,Mrs Hardesty Enright,mrs hardesty enright
68,2,texas chain saw massacre,1974,"Kirkland ""Kirk""",kirkland kirk
68,3,texas chain saw massacre,1974,"Pamela ""Pam""",pamela pam
68,4,texas chain saw massacre,1974,Police 10,police 10
68,5,texas chain saw massacre,1974,Jerry,jerry
68,6,texas chain saw massacre,1974,Franklin Hardesty Enright,franklin hardesty enright
68,7,texas chain saw massacre,1974,"Nubbins ""Hitchhiker"" Sawyer",nubbins hitchhiker sawyer
1034,0,texas chainsaw 3d,2013,Female Sawyer Relative,female sawyer relative
1034,1,texas chainsaw 3d,2013,Male Sawyer Relative,male sawyer relative
1034,2,texas chainsaw 3d,2013,Male Sawyer Relative,male sawyer relative
1034,3,texas chainsaw 3d,2013,Boss Sawyer,boss sawyer
1034,4,texas chainsaw 3d,2013,Bear Sawyer,bear sawyer
1034,5,texas chainsaw 3d,2013,"Drayton ""Cook"" Sawyer",drayton cook sawyer
1034,6,texas chainsaw 3d,2013,Male Sawyer Relative,male sawyer relative
1034,7,texas chainsaw 3d,2013,"""Grandpa"" Sawyer",grandpa sawyer
1034,8,texas chainsaw 3d,2013,Loretta Sawyer,loretta sawyer
1034,9,texas chainsaw 3d,2013,Verna Sawyer-Carson,verna sawyer carson
1034,10,texas chainsaw 3d,2013,Darryl,darryl
1034,11,texas chainsaw 3d,2013,Kenny,kenny
1034,12,texas chainsaw 3d,2013,Ryan,ryan
1034,13,texas chainsaw 3d,2013,Nikki,nikki
1034,14,texas chainsaw 3d,2013,Officer Marvin,officer marvin
1034,15,texas chainsaw 3d,2013,Ollie Brown,ollie brown
1034,16,texas chainsaw 3d,2013,Mayor Burt Hartman,mayor burt hartman
1034,17,texas chainsaw 3d,2013,"Gavin Miller, Arlene Miller",gavin miller arlene miller
680,0,texas chainsaw massacre,2003,Hitchhiker,hitchhiker
680,1,texas chainsaw massacre,2003,Kemper,kemper
680,2,texas chainsaw massacre,2003,Pepper,pepper
680,3,texas chainsaw massacre,2003,Andy,andy
680,4,texas chainsaw massacre,2003,Morgan,morgan
680,5,texas chainsaw massacre,2003,"Charlton ""Charlie"" Hewitt Jr., ""Sheriff Winston Hoyt""",charlton charlie hewitt jr sheriff winston hoyt
680,6,texas chainsaw massacre,2003,"Detective Wallace, Detective Adams",detective wallace detective adams
321,0,texas chainsaw massacre 2,1986,One Willie Buzz,one willie buzz
321,1,texas chainsaw massacre 2,1986,"Rick ""The Prick""",rick prick
321,2,texas chainsaw massacre 2,1986,L.G MrPeters,lg mrpeters
321,3,texas chainsaw massacre 2,1986,"Drayton ""Cook"" Sawyer",drayton cook sawyer
321,4,texas chainsaw massacre 2,1986,"Bubba ""Leatherface"" Sawyer",bubba leatherface sawyer
321,5,texas chainsaw massacre 2,1986,Mr McPeters,mr mcpeters
321,6,texas chainsaw massacre 2,1986,Mrs McPeters,mrs mcpeters
321,7,texas chainsaw massacre 2,1986,Demon Mr McPeters,demon mr mcpeters
321,8,texas chainsaw massacre 2,1986,Demon Mrs McPeters,demon mrs mcpeters
321,9,texas chainsaw massacre 2,1986,Demon Mrs Hardesty Enright,demon mrs hardesty enright
321,10,texas chainsaw massacre 2,1986,Demon Mr Hardesty Enright,demon mr hardesty enright
321,11,texas chainsaw massacre 2,1986,Lieutenant Boude Enright,lieutenant boude enright
321,12,texas chainsaw massacre 2,1986,Hitchhiker,hitchhiker
321,13,texas chainsaw massacre 2,1986,"""Grandpa"" Sawyer",grandpa sawyer
321,14,texas chainsaw massacre 2,1986,"""Chop-Top"" Sawyer",chop top sawyer
779,0,texas chainsaw massacre beginning,2006,Sloane Murphy,sloane murphy
779,1,texas chainsaw massacre beginning,2006,Meat Plant Owner,meat plant owner
779,2,texas chainsaw massacre beginning,2006,Sheriff Winston Hoyt,sheriff winston hoyt
779,3,texas chainsaw massacre beginning,2006,Alex,alex
779,4,texas chainsaw massacre beginning,2006,Holden,holden
779,5,texas chainsaw massacre beginning,2006,Eric,eric
779,6,texas chainsaw massacre beginning,2006,Bailey,bailey
779,7,texas chainsaw massacre beginning,2006,Dean,dean
779,8,texas chainsaw massacre beginning,2006,Chrissie,chrissie
779,9,texas chainsaw massacre beginning,2006,Police Officer and Motorist,police officer and motorist
515,0,texas chainsaw massacre next generation,1994,"""I'm not hurt"" boy",im not hurt boy
515,1,texas chainsaw massacre next generation,1994,Sean Kingsley,sean kingsley
515,2,texas chainsaw massacre next generation,1994,Barry Rochester,barry rochester
515,3,texas chainsaw massacre next generation,1994,W.E. Slaughter,we slaughter
515,4,texas chainsaw massacre next generation,1994,Heather Hutchins,heather hutchins
515,5,texas chainsaw massacre next generation,1994,"Mr. Spottish, Mrs. Spottish",mr spottish mrs spottish
515,6,texas chainsaw massacre next generation,1994,Vilmer Slaughter,vilmer slaughter
1194,0,unfriended dark web,2018,Kelly,kelly
1194,1,unfriended dark web,2018,DJ Lexx,dj lexx
1194,2,unfriended dark web,2018,A.j.,aj
1194,3,unfriended dark web,2018,Serena's mother,serenas mother
1194,4,unfriended dark web,2018,Nari,nari
1194,5,unfriended dark web,2018,a Charon,a charon
1194,6,unfriended dark web,2018,Serena,serena
1194,7,unfriended dark web,2018,Damon,damon
1194,8,unfriended dark web,2018,Amaya DeSoto,amaya desoto
1194,9,unfriended dark web,2018,Erica,erica
1194,10,unfriended dark web,2018,Matias O'Brien,matias obrien
1011,0,v h s,2012,Shane,shane
1011,1,v h s,2012,Patrick,patrick
1011,2,v h s,2012,Sam,sam
1011,3,v h s,2012,Samantha,samantha
1011,4,v h s,2012,Spider,spider
1011,5,v h s,2012,Joey,joey
1011,6,v h s,2012,Wendy,wendy
1011,7,v h s,2012,4 of the gang members,4 of gang members
1011,8,v h s,2012,Gang leader,gang leader
1011,9,v h s,2012,Cult Members,cult members
1011,10,v h s,2012,"Chad, Matt, Paul and Tyler",chad matt paul and tyler
1037,0,v h s 2,2013,Clarissa,clarissa
1037,1,v h s 2,2013,Herman,herman
1037,2,v h s 2,2013,Large group of people,large group of people
1037,3,v h s 2,2013,"""Screaming woman"" and her boyfriend",screaming woman and her boyfriend
1037,4,v h s 2,2013,"Zombified ""Screaming woman""",zombified screaming woman
1037,5,v h s 2,2013,Mike,mike
1037,6,v h s 2,2013,Couple of cyclers,couple of cyclers
1037,7,v h s 2,2013,Several attendees to a children's birthday party,several attendees to a childrens birthday party
1037,8,v h s 2,2013,Several Zombies,several zombies
1037,9,v h s 2,2013,Zombified Mike,zombified mike
1037,10,v h s 2,2013,Female Cultist,female cultist
1037,11,v h s 2,2013,Joni,joni
1037,12,v h s 2,2013,Cult Members,cult members
1037,13,v h s 2,2013,Male Cultist,male cultist
1037,14,v h s 2,2013,Malik and several other cultist members,malik and several other cultist members
1037,15,v h s 2,2013,Male Cultist,male cultist
1037,16,v h s 2,2013,Father,father
1037,17,v h s 2,2013,Ibu Sri,ibu sri
1037,18,v h s 2,2013,Zombified Female Cultists,zombified female cultists
1037,19,v h s 2,2013,Lena,lena
1037,20,v h s 2,2013,Zombified Male Cultist,zombified male cultist
1037,21,v h s 2,2013,Zombified Male Cultist,zombified male cultist
1037,22,v h s 2,2013,Adam,adam
1037,23,v h s 2,2013,Zack,zack
1037,24,v h s 2,2013,Danny and Shawn,danny and shawn
1037,25,v h s 2,2013,Randy,randy
1037,26,v h s 2,2013,Jen,jen
1037,27,v h s 2,2013,Gary,gary
1037,28,v h s 2,2013,Tank,tank
1037,29,v h s 2,2013,Ayesha,ayesha
1037,30,v h s 2,2013,Zombified Ayesha,zombified ayesha
1037,31,v h s 2,2013,Larry,larry
517,0,wes cravens new nightmare,1994,Chuck Wilson,chuck wilson
517,1,wes cravens new nightmare,1994,Terry Feinstein,terry feinstein
517,2,wes cravens new nightmare,1994,Chase Porter,chase porter
517,3,wes cravens new nightmare,1994,"Julianna Peyton ""Julie"" McKenna",julianna peyton julie mckenna
517,4,wes cravens new nightmare,1994,"Frederick Charles ""Freddy"" Krueger Entity",frederick charles freddy krueger entity
