Horror Wiki Index,char index,Stripped Title,Year,character
262,0,a nightmare on elm street,1984,"Christina ""Tina"" Gray"
262,1,a nightmare on elm street,1984,Rod Lane
262,2,a nightmare on elm street,1984,Glen Lantz
262,3,a nightmare on elm street,1984,Marge Thompson
908,0,a nightmare on elm street,2010,Sukari McGill
908,1,a nightmare on elm street,2010,Carrie Bush
908,2,a nightmare on elm street,2010,Nancy Lumb
908,3,a nightmare on elm street,2010,Elizabeth Cook
908,4,a nightmare on elm street,2010,Craig Jackson
908,5,a nightmare on elm street,2010,Lisa Harper
908,6,a nightmare on elm street,2010,Bret Tanzer
908,7,a nightmare on elm street,2010,Dean Russell
908,8,a nightmare on elm street,2010,"Kristen ""Kris"" Fowles"
908,9,a nightmare on elm street,2010,Jesse Braun
908,10,a nightmare on elm street,2010,Marcus Yeon
908,11,a nightmare on elm street,2010,Gwen Holbrook
276,0,a nightmare on elm street 2 freddys revenge,1985,Coach Schneider
276,1,a nightmare on elm street 2 freddys revenge,1985,Ron Grady
276,2,a nightmare on elm street 2 freddys revenge,1985,Party Guest 1
276,3,a nightmare on elm street 2 freddys revenge,1985,Party Guest 2
276,4,a nightmare on elm street 2 freddys revenge,1985,Party Guest 3
276,5,a nightmare on elm street 2 freddys revenge,1985,Party Guest 4
276,6,a nightmare on elm street 2 freddys revenge,1985,Party Guest 5
276,7,a nightmare on elm street 2 freddys revenge,1985,Party Guest 6
276,8,a nightmare on elm street 2 freddys revenge,1985,Party Guest 7
276,9,a nightmare on elm street 2 freddys revenge,1985,Kerry Hellman
276,10,a nightmare on elm street 2 freddys revenge,1985,Jesse Walsh
276,11,a nightmare on elm street 2 freddys revenge,1985,Lisa Webber
323,0,a nightmare on elm street 3 dream warriors,1987,Phillip Anderson
323,1,a nightmare on elm street 3 dream warriors,1987,Jennifer Caulfield
323,2,a nightmare on elm street 3 dream warriors,1987,Taryn White
323,3,a nightmare on elm street 3 dream warriors,1987,Will Stanton
323,4,a nightmare on elm street 3 dream warriors,1987,Donald Thompson
323,5,a nightmare on elm street 3 dream warriors,1987,Dr. Nancy Thompson
383,0,a nightmare on elm street 4 dream master,1988,Docter Neil Gordon
383,1,a nightmare on elm street 4 dream master,1988,Roland Kincaid
383,2,a nightmare on elm street 4 dream master,1988,Joey Crusel
383,3,a nightmare on elm street 4 dream master,1988,Kristen Parker
383,4,a nightmare on elm street 4 dream master,1988,Sheila Kopecky
383,5,a nightmare on elm street 4 dream master,1988,Rick Johnson
383,6,a nightmare on elm street 4 dream master,1988,Debbie Stevens
383,7,a nightmare on elm street 4 dream master,1988,"Frederick Charles ""Freddy"" Krueger"
394,0,a nightmare on elm street 5 dream child,1989,Mr Gibson
394,1,a nightmare on elm street 5 dream child,1989,Doris Jordan
394,2,a nightmare on elm street 5 dream child,1989,Manuel Jordan
394,3,a nightmare on elm street 5 dream child,1989,Tobias Jordan
394,4,a nightmare on elm street 5 dream child,1989,Mr. Jordan
394,5,a nightmare on elm street 5 dream child,1989,"Daniel ""Dan"" Jordan"
394,6,a nightmare on elm street 5 dream child,1989,Greta Gibson
394,7,a nightmare on elm street 5 dream child,1989,Mark Gray
394,8,a nightmare on elm street 5 dream child,1989,Freddy Krueger
394,9,a nightmare on elm street 5 dream child,1989,Demon 1
394,10,a nightmare on elm street 5 dream child,1989,Demon 2
394,11,a nightmare on elm street 5 dream child,1989,Demon 3
394,12,a nightmare on elm street 5 dream child,1989,Demon 4
394,13,a nightmare on elm street 5 dream child,1989,Demon 5
394,14,a nightmare on elm street 5 dream child,1989,Racine Gibson
394,15,a nightmare on elm street 5 dream child,1989,Anne
394,16,a nightmare on elm street 5 dream child,1989,Coash Ostrow
394,17,a nightmare on elm street 5 dream child,1989,Dr Moore
394,18,a nightmare on elm street 5 dream child,1989,Amanda Krueger
80,0,alice sweet alice,1976,Karen Spages
80,1,alice sweet alice,1976,Dom Spages
80,2,alice sweet alice,1976,Kitten
80,3,alice sweet alice,1976,Fat guy
80,4,alice sweet alice,1976,Father Tom
834,0,amusement,2008,Tryton
834,1,amusement,2008,Rob
834,2,amusement,2008,Dr. Owens
834,3,amusement,2008,Dan
834,4,amusement,2008,Lisa Swan
834,5,amusement,2008,Shelby Leds
834,6,amusement,2008,The Laugh
325,0,angustia,1987,Caroline
325,1,angustia,1987,Caroline's Boyfriend
325,2,angustia,1987,Don
325,3,angustia,1987,Sleepy
325,4,angustia,1987,Laura
325,5,angustia,1987,Tricket Girl
325,6,angustia,1987,Concession Girl
325,7,angustia,1987,Bathroom Woman
325,8,angustia,1987,Concession Girl
325,9,angustia,1987,Tricket Girl
325,10,angustia,1987,Patty's Father
325,11,angustia,1987,Patty's Mother
325,12,angustia,1987,Student #1
325,13,angustia,1987,Sleepy
325,14,angustia,1987,Elderly Man
325,15,angustia,1987,First Murder
325,16,angustia,1987,Ann
325,17,angustia,1987,Salesman
325,18,angustia,1987,Hairy Woman
325,19,angustia,1987,The Killer
325,20,angustia,1987,"Alice Pressman, Mother"
325,21,angustia,1987,Linda
325,22,angustia,1987,Patty
1162,0,anna and apocalypse,2018,Jake
1162,1,anna and apocalypse,2018,Tibbsy
1162,2,anna and apocalypse,2018,John
1162,3,anna and apocalypse,2018,Bea
1162,4,anna and apocalypse,2018,Lisa
1162,5,anna and apocalypse,2018,Chris
1162,6,anna and apocalypse,2018,Rector Savage
1162,7,anna and apocalypse,2018,Tony (Anna's dad)
1215,0,banana splits movie,2019,Stevie
1215,1,banana splits movie,2019,Thadd
1215,2,banana splits movie,2019,Sal
1215,3,banana splits movie,2019,Jonathan
1215,4,banana splits movie,2019,Rebecca
1215,5,banana splits movie,2019,Karl
1215,6,banana splits movie,2019,Doug
1215,7,banana splits movie,2019,All audience members and Taft Studios' crew
1215,8,banana splits movie,2019,Andy
1215,9,banana splits movie,2019,Fleegle
1215,10,banana splits movie,2019,Drooper
1215,11,banana splits movie,2019,Bingo
1215,12,banana splits movie,2019,Snorky
1215,13,banana splits movie,2019,Mitch Williams
747,0,behind mask rise of leslie vernon,2006,Mrs. Collinwood
747,1,behind mask rise of leslie vernon,2006,Jock
747,2,behind mask rise of leslie vernon,2006,Cheerleader
747,3,behind mask rise of leslie vernon,2006,Pete
747,4,behind mask rise of leslie vernon,2006,Stoner kid #1
747,5,behind mask rise of leslie vernon,2006,Stoner kid #2
747,6,behind mask rise of leslie vernon,2006,Kelly
747,7,behind mask rise of leslie vernon,2006,Todd
747,8,behind mask rise of leslie vernon,2006,Lauren
747,9,behind mask rise of leslie vernon,2006,Shane
1164,0,bird box,2018,Woman in orange
1164,1,bird box,2018,Jessica Hayes
1164,2,bird box,2018,Man in car
1164,3,bird box,2018,Lydia
1164,4,bird box,2018,Five people
1164,5,bird box,2018,Greg
1164,6,bird box,2018,Two men
1164,7,bird box,2018,Man and Woman
1164,8,bird box,2018,Charlie
1164,9,bird box,2018,Olympia
1164,10,bird box,2018,Cheryl
1164,11,bird box,2018,Douglas
1164,12,bird box,2018,Gary
1164,13,bird box,2018,Man
1164,14,bird box,2018,Four psychotic seers
1164,15,bird box,2018,Psychotic seer
1164,16,bird box,2018,Tom
1164,17,bird box,2018,River Man
1098,0,blair witch,2016,Peter Jones
1098,1,blair witch,2016,Talia
1098,2,blair witch,2016,Ashley Bennett
1098,3,blair witch,2016,Lane
1098,4,blair witch,2016,James Donahue
1098,5,blair witch,2016,Lisa Arlington
586,0,blair witch project,1999,Joshua 'Josh' Leonard
586,1,blair witch project,1999,Michael 'Mike' Williams
586,2,blair witch project,1999,Heather Donahue
709,0,boogeyman,2005,Mr.Jensen
709,1,boogeyman,2005,Ms.Jensen
709,2,boogeyman,2005,Crow
709,3,boogeyman,2005,Jessica
709,4,boogeyman,2005,Ome Mike
709,5,boogeyman,2005,Boogeyman
793,0,boogeyman 2,2007,Mr. Porter
793,1,boogeyman 2,2007,Mrs. Porter
793,2,boogeyman 2,2007,Mark
793,3,boogeyman 2,2007,Paul
793,4,boogeyman 2,2007,Gloria
793,5,boogeyman 2,2007,Dr.Ryan
793,6,boogeyman 2,2007,Alison
793,7,boogeyman 2,2007,Tim Jensen
793,8,boogeyman 2,2007,Darren
793,9,boogeyman 2,2007,Nicky
793,10,boogeyman 2,2007,Henry Porter
793,11,boogeyman 2,2007,Dr.Mitchell Allen
793,12,boogeyman 2,2007,Boogeyman/Dr.Jessica Ryan
868,0,boogeyman 3,2009,Layla The Dog
868,1,boogeyman 3,2009,Audrey Allen
868,2,boogeyman 3,2009,Lukas
868,3,boogeyman 3,2009,Mark
868,4,boogeyman 3,2009,Jeremy
868,5,boogeyman 3,2009,Almost Everybody on Campus
868,6,boogeyman 3,2009,Ben
868,7,boogeyman 3,2009,Lindsay
868,8,boogeyman 3,2009,Dr.Roger Kane
868,9,boogeyman 3,2009,David
868,10,boogeyman 3,2009,Sarah Morris
868,11,boogeyman 3,2009,Amy
613,0,book of shadows blair witch 2,2000,Jeff Patterson
613,1,book of shadows blair witch 2,2000,Peggie the Cashier
613,2,book of shadows blair witch 2,2000,Erica Geerson
613,3,book of shadows blair witch 2,2000,Greta
613,4,book of shadows blair witch 2,2000,Other tour group
613,5,book of shadows blair witch 2,2000,Tristen Ryler
613,6,book of shadows blair witch 2,2000,Stephen and Tristen's unborn baby
1156,0,bye bye man,2017,Rick
1156,1,bye bye man,2017,Jane
1156,2,bye bye man,2017,Mr. Daizy
1156,3,bye bye man,2017,Giselle
1156,4,bye bye man,2017,Anna
1156,5,bye bye man,2017,Larry
1156,6,bye bye man,2017,Kim
1156,7,bye bye man,2017,Unnamed Person
1156,8,bye bye man,2017,Unnamed Person
1156,9,bye bye man,2017,Mrs. Watkins
1156,10,bye bye man,2017,John
1156,11,bye bye man,2017,Sasha
1156,12,bye bye man,2017,Elliot
1016,0,carrie,2013,"Tommy ""Thomas"" Ross"
1016,1,carrie,2013,Heather Shyres
1016,2,carrie,2013,"Kenny ""Kenneth"" Garson"
1016,3,carrie,2013,Jackie Talbot
1016,4,carrie,2013,"Freddy ""Frederick"" Holt"
1016,5,carrie,2013,"Nicki and Lizzy ""Elizabeth"" Wilson"
1016,6,carrie,2013,Tina Blake
1016,7,carrie,2013,Mr. Ullmann
1016,8,carrie,2013,Most of the prom goers at the prom
1016,9,carrie,2013,Billy Nolan
1016,10,carrie,2013,Christine Hargensen
1016,11,carrie,2013,Margaret White
1016,12,carrie,2013,Carrie White
975,0,chernobyl diaries,2012,Yuri
975,1,chernobyl diaries,2012,Chris
975,2,chernobyl diaries,2012,Natalie
975,3,chernobyl diaries,2012,Michael
975,4,chernobyl diaries,2012,Zoe
975,5,chernobyl diaries,2012,Paul
975,6,chernobyl diaries,2012,Amanda
589,0,children of corn 666 isaacs return,1999,Dr.michaels
589,1,children of corn 666 isaacs return,1999,Rachal
589,2,children of corn 666 isaacs return,1999,Matt
589,3,children of corn 666 isaacs return,1999,Jesse
589,4,children of corn 666 isaacs return,1999,Cora
589,5,children of corn 666 isaacs return,1999,Isaac
589,6,children of corn 666 isaacs return,1999,Jake
483,0,children of corn ii final sacrifice,1992,Mrs Garret
483,1,children of corn ii final sacrifice,1992,Bobby Knite
483,2,children of corn ii final sacrifice,1992,Wayde McKenzie
483,3,children of corn ii final sacrifice,1992,Mrs. Burke
483,4,children of corn ii final sacrifice,1992,David Simpsons
483,5,children of corn ii final sacrifice,1992,Dr. Richard Appleby
483,6,children of corn ii final sacrifice,1992,Mrs. West
483,7,children of corn ii final sacrifice,1992,Sheriff William Blaine
483,8,children of corn ii final sacrifice,1992,Reverend Hollings
483,9,children of corn ii final sacrifice,1992,Mary Simpson
483,10,children of corn ii final sacrifice,1992,The rest of the town
483,11,children of corn ii final sacrifice,1992,Frank Redbear
483,12,children of corn ii final sacrifice,1992,Cult Member
483,13,children of corn ii final sacrifice,1992,Micah
483,14,children of corn ii final sacrifice,1992,Children
483,15,children of corn ii final sacrifice,1992,Corn
483,16,children of corn ii final sacrifice,1992,adsfahn
536,0,children of corn iv gathering,1996,Deputy Cesar
536,1,children of corn iv gathering,1996,Old Man
536,2,children of corn iv gathering,1996,Sandra Atkins
536,3,children of corn iv gathering,1996,Deputy Eugenio Derbez
536,4,children of corn iv gathering,1996,Sheriff Biggs
536,5,children of corn iv gathering,1996,Dr. Larson
536,6,children of corn iv gathering,1996,Margaret Rhodes
536,7,children of corn iv gathering,1996,Anne
536,8,children of corn iv gathering,1996,Josiah
536,9,children of corn iv gathering,1996,Insect
627,0,children of corn revelation,2001,
572,0,children of corn v fields of terror,1998,Husband
572,1,children of corn v fields of terror,1998,Wife
572,2,children of corn v fields of terror,1998,Charlotte
572,3,children of corn v fields of terror,1998,Lazlo
572,4,children of corn v fields of terror,1998,Kir
572,5,children of corn v fields of terror,1998,Fireman #1 and #2
572,6,children of corn v fields of terror,1998,Luke Enright
572,7,children of corn v fields of terror,1998,Sheriff Skaggs
572,8,children of corn v fields of terror,1998,Deputy Earl
572,9,children of corn v fields of terror,1998,Cult member
572,10,children of corn v fields of terror,1998,Cult member
572,11,children of corn v fields of terror,1998,Jacob
572,12,children of corn v fields of terror,1998,Tyrus
572,13,children of corn v fields of terror,1998,Zane
572,14,children of corn v fields of terror,1998,Cult member
572,15,children of corn v fields of terror,1998,Greg
572,16,children of corn v fields of terror,1998,Cult member
572,17,children of corn v fields of terror,1998,Ezeekial
155,0,christmas evil,1980,Charles
155,1,christmas evil,1980,Binky
155,2,christmas evil,1980,Peter
155,3,christmas evil,1980,Frank Stoller
711,0,cry wolf,2005,Becky
711,1,cry wolf,2005,Mercedes
711,2,cry wolf,2005,Randall
711,3,cry wolf,2005,Lewis
711,4,cry wolf,2005,Dodger Allen
711,5,cry wolf,2005,Rich Walker
716,0,descent,2005,Paul
716,1,descent,2005,Jessica
716,2,descent,2005,Holly
716,3,descent,2005,Male Crawler
716,4,descent,2005,Beth
716,5,descent,2005,Male Crawler
716,6,descent,2005,Male Crawler
716,7,descent,2005,Female Crawler
716,8,descent,2005,Male Crawler
716,9,descent,2005,Male Crawler
716,10,descent,2005,Sam
716,11,descent,2005,Rebecca
716,12,descent,2005,Male Crawler
716,13,descent,2005,Male Crawler
716,14,descent,2005,Male Crawler
716,15,descent,2005,Male Crawler
958,0,divide,2011,Armed Soldier
958,1,divide,2011,Armed Soldier
958,2,divide,2011,Armed Soldier
958,3,divide,2011,Armed Soldier
958,4,divide,2011,Armed Soldier
958,5,divide,2011,Devlin
958,6,divide,2011,Marilyn
958,7,divide,2011,Adrien
958,8,divide,2011,Bobby
958,9,divide,2011,Josh
958,10,divide,2011,Sam
958,11,divide,2011,Mickey
754,0,doodeind,2006,Tim
754,1,doodeind,2006,Joline
754,2,doodeind,2006,Laura
754,3,doodeind,2006,Ben
754,4,doodeind,2006,Sidney
754,5,doodeind,2006,Barbara
754,6,doodeind,2006,Chris
1023,0,evil dead,2013,Teenager
1023,1,evil dead,2013,Olivia
1023,2,evil dead,2013,Mrs Allen
1023,3,evil dead,2013,Mia's GrandFather
1023,4,evil dead,2013,Demon Olivia
1023,5,evil dead,2013,Natalie
1023,6,evil dead,2013,Eric
1023,7,evil dead,2013,David Allen
1023,8,evil dead,2013,Mia Allen
1023,9,evil dead,2013,Demon Mia Allen
334,0,evil dead ii,1987,Linda
334,1,evil dead ii,1987,Demon Linda
334,2,evil dead ii,1987,Ed
334,3,evil dead ii,1987,Demon Ed
334,4,evil dead ii,1987,Bobby Jo
334,5,evil dead ii,1987,Jake
334,6,evil dead ii,1987,Demon Henrietta
334,7,evil dead ii,1987,Annie
334,8,evil dead ii,1987,Winged Demon
672,0,freddy vs jason,2003,Little Girl
672,1,freddy vs jason,2003,Heather
672,2,freddy vs jason,2003,Dead Boy On Tree
672,3,freddy vs jason,2003,Dead Girl On Tree
672,4,freddy vs jason,2003,Trey Adam Gordon Cooper
672,5,freddy vs jason,2003,Mr. Mueller
672,6,freddy vs jason,2003,Blake Mueller
672,7,freddy vs jason,2003,Gibb Smith
672,8,freddy vs jason,2003,Frisell
672,9,freddy vs jason,2003,Unnamed Teammate
672,10,freddy vs jason,2003,Shack
672,11,freddy vs jason,2003,Raver 1/2/3
672,12,freddy vs jason,2003,Raver 4
672,13,freddy vs jason,2003,Raver 5
672,14,freddy vs jason,2003,Raver 6
672,15,freddy vs jason,2003,Bobby Davis
672,16,freddy vs jason,2003,Mark Davis
672,17,freddy vs jason,2003,Security Guard
672,18,freddy vs jason,2003,Deputy Scott Stubbs
672,19,freddy vs jason,2003,Bill Freeburg
672,20,freddy vs jason,2003,Mrs. Campbell
672,21,freddy vs jason,2003,Charlie Linderman
672,22,freddy vs jason,2003,Kia Waterson
672,23,freddy vs jason,2003,"Fredrick Charles ""Freddy"" Krueger"
463,0,freddys dead final nightmare,1991,Carlos Rodriguez
463,1,freddys dead final nightmare,1991,Spencer Lewis
463,2,freddys dead final nightmare,1991,John Doe
463,3,freddys dead final nightmare,1991,Mr. Underwood
463,4,freddys dead final nightmare,1991,Loretta Krueger
463,5,freddys dead final nightmare,1991,"Frederick Charles ""Freddy"" Krueger"
882,0,friday 13th,2009,Pamela Voorhees
882,1,friday 13th,2009,Wade
882,2,friday 13th,2009,Amanda
882,3,friday 13th,2009,Mike
882,4,friday 13th,2009,Richie
882,5,friday 13th,2009,Donnie
882,6,friday 13th,2009,Nolan
882,7,friday 13th,2009,Chelsea
882,8,friday 13th,2009,Chewie
882,9,friday 13th,2009,Lawrence
882,10,friday 13th,2009,Bree
882,11,friday 13th,2009,Officer bracke
882,12,friday 13th,2009,Trent
882,13,friday 13th,2009,Jenna
164,0,friday 13th,1980,Barry
164,1,friday 13th,1980,Claudette
164,2,friday 13th,1980,Annie
164,3,friday 13th,1980,Ned
164,4,friday 13th,1980,Jack
164,5,friday 13th,1980,Marcie Stanler
164,6,friday 13th,1980,Steve Christy
164,7,friday 13th,1980,Brenda
164,8,friday 13th,1980,Bill
164,9,friday 13th,1980,Mrs. Voorhees
282,0,friday 13th a new beginning,1985,Neil
282,1,friday 13th a new beginning,1985,Les
282,2,friday 13th a new beginning,1985,Joey Burns
282,3,friday 13th a new beginning,1985,Mrs Burns
282,4,friday 13th a new beginning,1985,Vinnie
282,5,friday 13th a new beginning,1985,Pete
282,6,friday 13th a new beginning,1985,Billy
282,7,friday 13th a new beginning,1985,Lana
282,8,friday 13th a new beginning,1985,Raymond
282,9,friday 13th a new beginning,1985,Tina
282,10,friday 13th a new beginning,1985,Eddie
282,11,friday 13th a new beginning,1985,Anita
282,12,friday 13th a new beginning,1985,Demon
282,13,friday 13th a new beginning,1985,Junior Hubbard
282,14,friday 13th a new beginning,1985,Ethel Hubbard
282,15,friday 13th a new beginning,1985,Jake
282,16,friday 13th a new beginning,1985,Robin
282,17,friday 13th a new beginning,1985,Violet
282,18,friday 13th a new beginning,1985,Duke Johnson
282,19,friday 13th a new beginning,1985,Dr. Matthew Letter
282,20,friday 13th a new beginning,1985,George
282,21,friday 13th a new beginning,1985,Roy Burns
282,22,friday 13th a new beginning,1985,Pam Roberts
282,23,friday 13th a new beginning,1985,Pam Roberts
282,24,friday 13th a new beginning,1985,Mrs Roberts
282,25,friday 13th a new beginning,1985,Mr Roberts
282,26,friday 13th a new beginning,1985,Reggie Winter
282,27,friday 13th a new beginning,1985,Mrs Winter
267,0,friday 13th final chapter,1984,Coroner Axel Burns
267,1,friday 13th final chapter,1984,"Nurse Roberta ""Robbie"" Morgan"
267,2,friday 13th final chapter,1984,Unnamed Female Hitchhiker
267,3,friday 13th final chapter,1984,Samantha Lane
267,4,friday 13th final chapter,1984,Paul Guthrie
267,5,friday 13th final chapter,1984,"Terri ""Teresa"" Moore"
267,6,friday 13th final chapter,1984,Mrs. Tracy Jarvis
267,7,friday 13th final chapter,1984,"James ""Jimmy"" Mortimer"
267,8,friday 13th final chapter,1984,Tina Moore
267,9,friday 13th final chapter,1984,Ted Cooper
267,10,friday 13th final chapter,1984,"Douglas ""Doug"" Bell"
267,11,friday 13th final chapter,1984,Sara
267,12,friday 13th final chapter,1984,"Rob ""Robert"" Dier"
267,13,friday 13th final chapter,1984,Jason Voorhees
192,0,friday 13th part 2,1981,Alice Hardy
192,1,friday 13th part 2,1981,Crazy Ralph
192,2,friday 13th part 2,1981,Deputy Winslow
192,3,friday 13th part 2,1981,Scott
192,4,friday 13th part 2,1981,Terry
192,5,friday 13th part 2,1981,Mark
192,6,friday 13th part 2,1981,"Jeff, Sandra Dier"
192,7,friday 13th part 2,1981,Vickie
192,8,friday 13th part 2,1981,Paul Holt
226,0,friday 13th part iii,1982,Harold Hockett
226,1,friday 13th part iii,1982,Edna Hockett
226,2,friday 13th part iii,1982,Fox
226,3,friday 13th part iii,1982,Loco
226,4,friday 13th part iii,1982,Vera Sanchez
226,5,friday 13th part iii,1982,"Andy ""Andrew"" Beltrami"
226,6,friday 13th part iii,1982,Debbie
226,7,friday 13th part iii,1982,Andy's and Debbie's child
226,8,friday 13th part iii,1982,"Shelly ""Sheldon"" Finkelstein"
226,9,friday 13th part iii,1982,Chuck
226,10,friday 13th part iii,1982,Chili
226,11,friday 13th part iii,1982,Rick
226,12,friday 13th part iii,1982,Ali
304,0,friday 13th part vi jason lives,1986,Allen Hawes
304,1,friday 13th part vi jason lives,1986,Darren
304,2,friday 13th part vi jason lives,1986,Lizabeth
304,3,friday 13th part vi jason lives,1986,Burt
304,4,friday 13th part vi jason lives,1986,"Stan, Katie, Larry"
304,5,friday 13th part vi jason lives,1986,Roy
304,6,friday 13th part vi jason lives,1986,Martin
304,7,friday 13th part vi jason lives,1986,"Steven, Annette"
304,8,friday 13th part vi jason lives,1986,Nikki
304,9,friday 13th part vi jason lives,1986,Cort
304,10,friday 13th part vi jason lives,1986,Sissy Baker
304,11,friday 13th part vi jason lives,1986,Paula
304,12,friday 13th part vi jason lives,1986,Officer Thornton
304,13,friday 13th part vi jason lives,1986,Officer Pappas
304,14,friday 13th part vi jason lives,1986,Sheriff Michael Garris
372,0,friday 13th part vii new blood,1988,John Shepard
372,1,friday 13th part vii new blood,1988,Jane
372,2,friday 13th part vii new blood,1988,Michael
372,3,friday 13th part vii new blood,1988,Dan
372,4,friday 13th part vii new blood,1988,Judy
372,5,friday 13th part vii new blood,1988,Russell
372,6,friday 13th part vii new blood,1988,Sandra
372,7,friday 13th part vii new blood,1988,Maddy
372,8,friday 13th part vii new blood,1988,Ben
372,9,friday 13th part vii new blood,1988,Kate
372,10,friday 13th part vii new blood,1988,David
372,11,friday 13th part vii new blood,1988,Eddie
372,12,friday 13th part vii new blood,1988,Robin
372,13,friday 13th part vii new blood,1988,Amanda Shepard
372,14,friday 13th part vii new blood,1988,Dr. Crews
372,15,friday 13th part vii new blood,1988,Melissa
372,16,friday 13th part vii new blood,1988,Mark Shepard
372,17,friday 13th part vii new blood,1988,Luis Ham
372,18,friday 13th part vii new blood,1988,Jason Voorhees
372,19,friday 13th part vii new blood,1988,Fisherman
403,0,friday 13th part viii jason takes manhattan,1989,Jim Miller
403,1,friday 13th part viii jason takes manhattan,1989,Suzy Donaldson
403,2,friday 13th part viii jason takes manhattan,1989,J.J. Jarrett
403,3,friday 13th part viii jason takes manhattan,1989,Boxer
403,4,friday 13th part viii jason takes manhattan,1989,Tamara Mason
403,5,friday 13th part viii jason takes manhattan,1989,Jim Carlson
403,6,friday 13th part viii jason takes manhattan,1989,Admiral Robertson
403,7,friday 13th part viii jason takes manhattan,1989,Eva Watanabe
403,8,friday 13th part viii jason takes manhattan,1989,Crew Member
403,9,friday 13th part viii jason takes manhattan,1989,Wayne Webber
403,10,friday 13th part viii jason takes manhattan,1989,Miles Wolfe
403,11,friday 13th part viii jason takes manhattan,1989,Unnamed Deck Hand
403,12,friday 13th part viii jason takes manhattan,1989,Homes
403,13,friday 13th part viii jason takes manhattan,1989,Jojo
403,14,friday 13th part viii jason takes manhattan,1989,Julius Gaw
403,15,friday 13th part viii jason takes manhattan,1989,Irish Cop
403,16,friday 13th part viii jason takes manhattan,1989,Colleen Van Deusen
403,17,friday 13th part viii jason takes manhattan,1989,Charles McCullough
403,18,friday 13th part viii jason takes manhattan,1989,Unnamed New York Cook
403,19,friday 13th part viii jason takes manhattan,1989,Unnamed Sanitation Worker
655,0,ghost ship,2002,Captain
655,1,ghost ship,2002,Katie
655,2,ghost ship,2002,Greer
655,3,ghost ship,2002,Francesca Rettondini
655,4,ghost ship,2002,Sean Murphy
655,5,ghost ship,2002,Santos
655,6,ghost ship,2002,Munder
945,0,grave encounters,2011,Dr. Arthur Friedkin
945,1,grave encounters,2011,Houston Grey
945,2,grave encounters,2011,T.C. Gibson
945,3,grave encounters,2011,Matt White
945,4,grave encounters,2011,Sasha Parker
981,0,grave encounters 2,2012,Jared Lee
981,1,grave encounters 2,2012,Tessa Books
981,2,grave encounters 2,2012,Asylum Security Guard
981,3,grave encounters 2,2012,Trevor Thompson
981,4,grave encounters 2,2012,Sean Rogerston/Lance Preston
981,5,grave encounters 2,2012,Jennifer Parker
705,0,grudge,2004,Kayako Saeki
705,1,grudge,2004,Mar
705,2,grudge,2004,Toshio Saeki
705,3,grudge,2004,Takeo Saeki
705,4,grudge,2004,Peter Kirk
705,5,grudge,2004,Jennifer Williams
705,6,grudge,2004,Matthew Williams
705,7,grudge,2004,Yoko
705,8,grudge,2004,Emma Williams
705,9,grudge,2004,Susan Williams
705,10,grudge,2004,Alex
705,11,grudge,2004,Detective Nakagawa
705,12,grudge,2004,Doug
1171,0,halloween,2018,Dr. Samuel Loomis
1171,1,halloween,2018,Officer Warden Kuneman
1171,2,halloween,2018,Kevin's Father
1171,3,halloween,2018,Kevin
1171,4,halloween,2018,Mechanic
1171,5,halloween,2018,Cashier
1171,6,halloween,2018,Aaron Korey
1171,7,halloween,2018,Dana Haines
1171,8,halloween,2018,Gina Panchella
1171,9,halloween,2018,Andrea Wagner
1171,10,halloween,2018,Vicky
1171,11,halloween,2018,Dave
1171,12,halloween,2018,Oscar
1171,13,halloween,2018,Deputy Frank Hawkins
1171,14,halloween,2018,Dr. Ranbir Sartain
1171,15,halloween,2018,Officer Richard
1171,16,halloween,2018,Officer Francis
1171,17,halloween,2018,Ray Nelson
115,0,halloween,1978,Judith Margaret Myers
115,1,halloween,1978,Christopher Joseph Hastings
115,2,halloween,1978,Dog
115,3,halloween,1978,Lester the Dog
115,4,halloween,1978,"Anne Marie ""Annie"" Brackett"
115,5,halloween,1978,"Robert David ""Bob"" Simms"
115,6,halloween,1978,Lynda Van Der Klok
806,0,halloween,2007,Wesley Rhodes
806,1,halloween,2007,Ronnie White
806,2,halloween,2007,Steve Haley
806,3,halloween,2007,Judith Myers
806,4,halloween,2007,Nurse Wynn
806,5,halloween,2007,Deborah Myers
806,6,halloween,2007,Jack Kendall
806,7,halloween,2007,Noel Kluggs
806,8,halloween,2007,Zach Garrett
806,9,halloween,2007,Larry Redgrave
806,10,halloween,2007,Stan Payne
806,11,halloween,2007,Patty Frost
806,12,halloween,2007,Gloria
806,13,halloween,2007,Ismael Cruz
806,14,halloween,2007,Joe Grizzly
806,15,halloween,2007,Bob Simms
806,16,halloween,2007,Lynda Van Der Klok
806,17,halloween,2007,Mason Strode
806,18,halloween,2007,Cynthia Strode
806,19,halloween,2007,Paul Freedman
806,20,halloween,2007,Officer Lowery
806,21,halloween,2007,Deputy Charles
806,22,halloween,2007,Michael Myers
374,0,halloween 4 return of michael myers,1988,Attendant J.Black
374,1,halloween 4 return of michael myers,1988,Attendant L.Evans
374,2,halloween 4 return of michael myers,1988,2 Paramedics
374,3,halloween 4 return of michael myers,1988,Mechanic
374,4,halloween 4 return of michael myers,1988,Shelly Matthews
374,5,halloween 4 return of michael myers,1988,Sundae the Dog
374,6,halloween 4 return of michael myers,1988,Bucky
374,7,halloween 4 return of michael myers,1988,Deputy Pierce
374,8,halloween 4 return of michael myers,1988,2 Police Officers
374,9,halloween 4 return of michael myers,1988,Ted Hollister
374,10,halloween 4 return of michael myers,1988,Deputy Logan
374,11,halloween 4 return of michael myers,1988,Kelly Meeker
374,12,halloween 4 return of michael myers,1988,Brady
374,13,halloween 4 return of michael myers,1988,Orrin Gateway
374,14,halloween 4 return of michael myers,1988,Big Al Gateway
374,15,halloween 4 return of michael myers,1988,Unger
374,16,halloween 4 return of michael myers,1988,Earl Ford
404,0,halloween 5 revenge of michael myers,1989,Mountain Man
404,1,halloween 5 revenge of michael myers,1989,Rachel Carruthers
404,2,halloween 5 revenge of michael myers,1989,Mike
404,3,halloween 5 revenge of michael myers,1989,Spitz
404,4,halloween 5 revenge of michael myers,1989,Samantha Thomas
404,5,halloween 5 revenge of michael myers,1989,Deputy Nick Ross
404,6,halloween 5 revenge of michael myers,1989,Deputy Tom Farrah
404,7,halloween 5 revenge of michael myers,1989,Tina Williams
404,8,halloween 5 revenge of michael myers,1989,Deputy Eddy Grey
404,9,halloween 5 revenge of michael myers,1989,Deputy Charlie Bloch
404,10,halloween 5 revenge of michael myers,1989,Dr. Max Hart
404,11,halloween 5 revenge of michael myers,1989,Nurse Patsey West
404,12,halloween 5 revenge of michael myers,1989,Max the Dog
404,13,halloween 5 revenge of michael myers,1989,Sheriff Ben Meeker
404,14,halloween 5 revenge of michael myers,1989,6 Police Officers
404,15,halloween 5 revenge of michael myers,1989,Deputy Tony
522,0,halloween curse of michael myers,1995,Nurse Mary
522,1,halloween curse of michael myers,1995,Motorist
522,2,halloween curse of michael myers,1995,Jamie Lloyd
522,3,halloween curse of michael myers,1995,Debra Strode
522,4,halloween curse of michael myers,1995,John Strode
522,5,halloween curse of michael myers,1995,Barry Simms
522,6,halloween curse of michael myers,1995,Tim Strode
522,7,halloween curse of michael myers,1995,Beth
522,8,halloween curse of michael myers,1995,Sanitarium Patient
522,9,halloween curse of michael myers,1995,Dr. Bonham
522,10,halloween curse of michael myers,1995,Dawn Thompson
522,11,halloween curse of michael myers,1995,Mrs. Blankenship
522,12,halloween curse of michael myers,1995,4 Cult Doctors
522,13,halloween curse of michael myers,1995,The Entire Thorn Cult
522,14,halloween curse of michael myers,1995,Dr. Terence Wynn
522,15,halloween curse of michael myers,1995,Cult Doctor
577,0,halloween h20 20 years later,1998,Dr. Samuel Loomis
577,1,halloween h20 20 years later,1998,Jimmy Howell
577,2,halloween h20 20 years later,1998,Tony Allegre
577,3,halloween h20 20 years later,1998,Marion Whittington
577,4,halloween h20 20 years later,1998,Charles Deveraux
577,5,halloween h20 20 years later,1998,Sarah Wainthrope
577,6,halloween h20 20 years later,1998,Will Brennan
577,7,halloween h20 20 years later,1998,Paramedic
883,0,halloween ii,2009,Kristen Parker
883,1,halloween ii,2009,Coroner Alan Hooks
883,2,halloween ii,2009,Coroner Gary Scott
883,3,halloween ii,2009,Nurse Octavia Daniels
883,4,halloween ii,2009,Nurse
883,5,halloween ii,2009,Multiple Hospital Staff Patients
883,6,halloween ii,2009,Buddy
883,7,halloween ii,2009,Floyd Benny
883,8,halloween ii,2009,Sherman Benny
883,9,halloween ii,2009,Jazlean Benny
883,10,halloween ii,2009,Ivan (Dog)
883,11,halloween ii,2009,Howard Boggs
883,12,halloween ii,2009,Lou Martini
883,13,halloween ii,2009,Misty Dawn
883,14,halloween ii,2009,Wolfie
883,15,halloween ii,2009,Harley David
883,16,halloween ii,2009,Deputy Andy Neale
883,17,halloween ii,2009,Annie Brackett
883,18,halloween ii,2009,Mya Rockwell
883,19,halloween ii,2009,Becks
883,20,halloween ii,2009,Dr.Samuel Loomis
883,21,halloween ii,2009,
883,22,halloween ii,2009,Angel Myers/Laurie Strode
198,0,halloween ii,1981,Alice Martin
198,1,halloween ii,1981,Ben Tramer
198,2,halloween ii,1981,Bernard Garrett
198,3,halloween ii,1981,Budd Scarlotti
198,4,halloween ii,1981,Nurse Karen Bailey
198,5,halloween ii,1981,Dr. Frederick Mixter
198,6,halloween ii,1981,Nurse Janet Marshall
198,7,halloween ii,1981,Nurse Virginia Alves
198,8,halloween ii,1981,Nurse Jill Franco
198,9,halloween ii,1981,Terrence Gummell
227,0,halloween iii season of witch,1982,Silver Shamrock Henchman
227,1,halloween iii season of witch,1982,Harry Grimbridge
227,2,halloween iii season of witch,1982,Silver Shamrock Hecnchman
227,3,halloween iii season of witch,1982,Starker
227,4,halloween iii season of witch,1982,Marge Guttman
227,5,halloween iii season of witch,1982,Silver Shamrock Henchman
227,6,halloween iii season of witch,1982,Buddy Kupfer Jr.
227,7,halloween iii season of witch,1982,Betty Kupfer
227,8,halloween iii season of witch,1982,Buddy Kupfer
227,9,halloween iii season of witch,1982,Coroner Teddy
227,10,halloween iii season of witch,1982,16 Silver Shamrock Henchmens
227,11,halloween iii season of witch,1982,Conal Cochran
227,12,halloween iii season of witch,1982,Ellie Grimbridge
227,13,halloween iii season of witch,1982,Ellie Grimbridge Android
656,0,halloween resurrection,2002,Franklin Munroe
656,1,halloween resurrection,2002,Willie Haines
656,2,halloween resurrection,2002,Laurie Strode
656,3,halloween resurrection,2002,Charley Albans
656,4,halloween resurrection,2002,Bill Woodlake
656,5,halloween resurrection,2002,Donna Chang
656,6,halloween resurrection,2002,Jenna Danzig
656,7,halloween resurrection,2002,Jim Morgan
656,8,halloween resurrection,2002,Rudy Grimms
656,9,halloween resurrection,2002,Nora Winston
656,10,halloween resurrection,2002,Nurse
306,0,henry portrait of a serial killer,1986,Women #1
306,1,henry portrait of a serial killer,1986,Store Clerk
306,2,henry portrait of a serial killer,1986,Store Clerk
306,3,henry portrait of a serial killer,1986,Women #2
306,4,henry portrait of a serial killer,1986,Women #3
306,5,henry portrait of a serial killer,1986,Women #4
306,6,henry portrait of a serial killer,1986,Hooker #1
306,7,henry portrait of a serial killer,1986,Hooker #2
306,8,henry portrait of a serial killer,1986,TV salesman
306,9,henry portrait of a serial killer,1986,Murdered Family - Son
306,10,henry portrait of a serial killer,1986,Murdered Family - Wife
306,11,henry portrait of a serial killer,1986,Murdered Family - Husband
306,12,henry portrait of a serial killer,1986,Shooting Victim
306,13,henry portrait of a serial killer,1986,Otis
306,14,henry portrait of a serial killer,1986,Becky
760,0,hills have eyes,2006,Beauty (Dog)
760,1,hills have eyes,2006,Fred
760,2,hills have eyes,2006,Bob Carter
760,3,hills have eyes,2006,Ethel Carter
760,4,hills have eyes,2006,Lynn Carter-Bukowski
760,5,hills have eyes,2006,Goggle
760,6,hills have eyes,2006,Pluto
760,7,hills have eyes,2006,Cyst
760,8,hills have eyes,2006,Big Brain
760,9,hills have eyes,2006,Lizard
760,10,hills have eyes,2006,Ruby
760,11,hills have eyes,2006,Papa Jupiter
825,0,hills have eyes 2,2007,Mutant Baby
825,1,hills have eyes 2,2007,Pregnant Woman
825,2,hills have eyes 2,2007,Doctor Han
825,3,hills have eyes 2,2007,Doctor Paul Foster
825,4,hills have eyes 2,2007,Doctor Wilson
825,5,hills have eyes 2,2007,Private Mickey Elrod
825,6,hills have eyes 2,2007,Sergeant Jeffrey Millstone
825,7,hills have eyes 2,2007,"Corporal ""Spitter"" Cole"
825,8,hills have eyes 2,2007,Colonel Lincoln Redding
825,9,hills have eyes 2,2007,Stabber
825,10,hills have eyes 2,2007,"Private ""Stump"" Locke"
825,11,hills have eyes 2,2007,Chameleon
825,12,hills have eyes 2,2007,Grabber
825,13,hills have eyes 2,2007,Private Delmar Reed
825,14,hills have eyes 2,2007,"Private ""Crank"" Medina"
825,15,hills have eyes 2,2007,Letch
825,16,hills have eyes 2,2007,Papa Hades
307,0,hitcher,1986,Four family members
307,1,hitcher,1986,Man and Woman
307,2,hitcher,1986,Sergeant Starr
307,3,hitcher,1986,Trooper Donner
307,4,hitcher,1986,Trooper Hapscomb
307,5,hitcher,1986,Trooper Prestone
307,6,hitcher,1986,Trooper Conners
307,7,hitcher,1986,3 Cops
307,8,hitcher,1986,Deputy sheriffs
307,9,hitcher,1986,The Pilot and Gunman
307,10,hitcher,1986,3 cops
307,11,hitcher,1986,Nash
307,12,hitcher,1986,State Trooper
307,13,hitcher,1986,Bus driver
307,14,hitcher,1986,John Ryder
808,0,hostel part ii,2007,Paxton
808,1,hostel part ii,2007,Lorna
808,2,hostel part ii,2007,Bubblegum gang member
808,3,hostel part ii,2007,Several escapees of the EHC
808,4,hostel part ii,2007,Todd
808,5,hostel part ii,2007,EHC Victim
808,6,hostel part ii,2007,Miroslav
808,7,hostel part ii,2007,Whitney Swerling
808,8,hostel part ii,2007,Stuart
808,9,hostel part ii,2007,Axelle
730,0,house of wax,2005,Alternate Opening Victim Woman
730,1,house of wax,2005,Wade
730,2,house of wax,2005,Dalton
730,3,house of wax,2005,Blake
730,4,house of wax,2005,Paige
730,5,house of wax,2005,Bo Sinclair
730,6,house of wax,2005,Vincent Sinclair
915,0,i spit on your grave,2010,Earl
915,1,i spit on your grave,2010,Andy
915,2,i spit on your grave,2010,Stanley
915,3,i spit on your grave,2010,Johnny
915,4,i spit on your grave,2010,Sheriff Storch
915,5,i spit on your grave,2010,Matthew
916,0,insidious,2010,Elise Rainier
557,0,jack frost,1997,"Harv, the Guard"
557,1,jack frost,1997,Second Driver
557,2,jack frost,1997,Tanker Driver
557,3,jack frost,1997,Jack Frost
557,4,jack frost,1997,Old Man Harper
557,5,jack frost,1997,Billy Metzner
557,6,jack frost,1997,Jake Metzner
557,7,jack frost,1997,Sally
557,8,jack frost,1997,Deputy Pullman
557,9,jack frost,1997,Tommy
557,10,jack frost,1997,Jill Metzner
557,11,jack frost,1997,Stone
495,0,jason goes to hell final friday,1993,Coroner Phil
495,1,jason goes to hell final friday,1993,Coroner 2
495,2,jason goes to hell final friday,1993,FBI Agent 1
495,3,jason goes to hell final friday,1993,FBI Agent 2
495,4,jason goes to hell final friday,1993,Alexis Peterson
495,5,jason goes to hell final friday,1993,Deborah Caldwell
495,6,jason goes to hell final friday,1993,Luke McCabey
495,7,jason goes to hell final friday,1993,Edna
495,8,jason goes to hell final friday,1993,Deputy Josh
495,9,jason goes to hell final friday,1993,Diana Kimble
495,10,jason goes to hell final friday,1993,Robert Campbell
495,11,jason goes to hell final friday,1993,Officer Ryan
495,12,jason goes to hell final friday,1993,"Officer Mark, Officer Brian"
495,13,jason goes to hell final friday,1993,Ward
495,14,jason goes to hell final friday,1993,Diner Patron (Plaid)
495,15,jason goes to hell final friday,1993,Diner Patron (Blue)
495,16,jason goes to hell final friday,1993,Shelby
495,17,jason goes to hell final friday,1993,Joey B.
495,18,jason goes to hell final friday,1993,Vicki
495,19,jason goes to hell final friday,1993,Officer Randy
495,20,jason goes to hell final friday,1993,Sheriff Landis
495,21,jason goes to hell final friday,1993,Jason Voorhees
632,0,jason x,2001,Private Johnson
632,1,jason x,2001,Guard 1
632,2,jason x,2001,Guard 2
632,3,jason x,2001,Guard 3
632,4,jason x,2001,Guard 4
632,5,jason x,2001,Dr.Whimmer
632,6,jason x,2001,Sgt.Marcus
632,7,jason x,2001,Adrienne
632,8,jason x,2001,Stoney
632,9,jason x,2001,Azrael
632,10,jason x,2001,Dallas
632,11,jason x,2001,Sven
632,12,jason x,2001,Condor
632,13,jason x,2001,Geko
632,14,jason x,2001,Kicker
632,15,jason x,2001,Briggs
632,16,jason x,2001,Fat Lou
632,17,jason x,2001,Professor Lowe
632,18,jason x,2001,Crutch
632,19,jason x,2001,Kinsa
632,20,jason x,2001,Waylander
632,21,jason x,2001,Janessa
632,22,jason x,2001,Sgt.Brodski
632,23,jason x,2001,Jason Voorhees
119,0,jaws 2,1978,Unnamed Scuba Diver
119,1,jaws 2,1978,Unnamed Scuba Diver
119,2,jaws 2,1978,Terry
119,3,jaws 2,1978,Diane
119,4,jaws 2,1978,Orca (Killer Whale)
119,5,jaws 2,1978,"Eddie ""Edward"" Marchand"
119,6,jaws 2,1978,Harbor Patrol Pilot
119,7,jaws 2,1978,Marge
119,8,jaws 2,1978,Brucette (Shark)
250,0,jaws 3 d,1983,Fish
250,1,jaws 3 d,1983,Shelby Overman
250,2,jaws 3 d,1983,Randy
250,3,jaws 3 d,1983,Ed
250,4,jaws 3 d,1983,Danny
250,5,jaws 3 d,1983,"Philip ""Phil"" FitzRoyce"
250,6,jaws 3 d,1983,Fred
250,7,jaws 3 d,1983,Brucetta (Shark)
340,0,jaws revenge,1987,Martin Brody
340,1,jaws revenge,1987,Sean Brody
340,2,jaws revenge,1987,Mrs. Ferguson
340,3,jaws revenge,1987,Jake
340,4,jaws revenge,1987,Vengeance (Shark)
378,0,killer klowns from outer space,1988,Pooh Bear
378,1,killer klowns from outer space,1988,Farmer Gene Green
378,2,killer klowns from outer space,1988,Joe Lombardo
378,3,killer klowns from outer space,1988,Bob McReed
378,4,killer klowns from outer space,1988,Mom #1
378,5,killer klowns from outer space,1988,Mom #2
378,6,killer klowns from outer space,1988,Little Girl
378,7,killer klowns from outer space,1988,Mrs. Franco
378,8,killer klowns from outer space,1988,Slug
378,9,killer klowns from outer space,1988,Mr. Myers
378,10,killer klowns from outer space,1988,Motorist
378,11,killer klowns from outer space,1988,Janitor
378,12,killer klowns from outer space,1988,5 unnamed people
378,13,killer klowns from outer space,1988,Deputy Curtis Mooney
378,14,killer klowns from outer space,1988,Punk #1 and Punk #2
378,15,killer klowns from outer space,1988,Jumbo
378,16,killer klowns from outer space,1988,Many unnamed people
378,17,killer klowns from outer space,1988,Unnamed Person
378,18,killer klowns from outer space,1988,Amusement Park Security Guard
378,19,killer klowns from outer space,1988,8 unnamed people
378,20,killer klowns from outer space,1988,Boco
378,21,killer klowns from outer space,1988,Female Killer Klown
378,22,killer klowns from outer space,1988,Fatso
378,23,killer klowns from outer space,1988,Jojo the Klownzilla
378,24,killer klowns from outer space,1988,"Mojo, Joe, Bibbo, Spikey, Magori, Chubby, Rudy, Shorty, Slam, Frank, Tiny"
1089,0,lazarus effect,2015,Zoe
1089,1,lazarus effect,2015,Niko
1089,2,lazarus effect,2015,Clay
1089,3,lazarus effect,2015,Frank
1089,4,lazarus effect,2015,Eva
1144,0,leatherface film,2017,Blake
1144,1,leatherface film,2017,Betty Hartman
1144,2,leatherface film,2017,Nurse
1144,3,leatherface film,2017,Orderly
1144,4,leatherface film,2017,Orderly
1144,5,leatherface film,2017,Female Patient
1144,6,leatherface film,2017,Dr. Lang
1144,7,leatherface film,2017,Nurse
1144,8,leatherface film,2017,Insane Asylum Patient
1144,9,leatherface film,2017,Orderly
1144,10,leatherface film,2017,Male Diner Customer
1144,11,leatherface film,2017,Male Diner Customer
1144,12,leatherface film,2017,Male Diner Customer
1144,13,leatherface film,2017,Tammy
1144,14,leatherface film,2017,"Isaac ""Ike"""
1144,15,leatherface film,2017,Clarice
1144,16,leatherface film,2017,Bud
1144,17,leatherface film,2017,Deputy
1144,18,leatherface film,2017,Deputy Sorells
1144,19,leatherface film,2017,Texas Ranger Hal Hartman
1144,20,leatherface film,2017,"Nurse Elizabeth ""Lizzy"" White"
438,0,leatherface texas chainsaw massacre iii,1990,W.E. Sawyer
438,1,leatherface texas chainsaw massacre iii,1990,Sally Hardesty Enright
438,2,leatherface texas chainsaw massacre iii,1990,Gina
438,3,leatherface texas chainsaw massacre iii,1990,Sara
438,4,leatherface texas chainsaw massacre iii,1990,Ryan McArther
438,5,leatherface texas chainsaw massacre iii,1990,Mamma Sawyer
438,6,leatherface texas chainsaw massacre iii,1990,"""Tech/Tinker"" Sawyer"
438,7,leatherface texas chainsaw massacre iii,1990,"Eddie ""Tex"" Sawyer"
438,8,leatherface texas chainsaw massacre iii,1990,Benny
438,9,leatherface texas chainsaw massacre iii,1990,Alfredo Sawyer
169,0,maniac,1980,Beach girl
169,1,maniac,1980,Beach boy
169,2,maniac,1980,Hooker
169,3,maniac,1980,Disco boy
169,4,maniac,1980,Disco girl
169,5,maniac,1980,Rita
169,6,maniac,1980,Frank Zito
169,7,maniac,1980,Carmen Zito
660,0,may,2002,Lupe
660,1,may,2002,Blank
660,2,may,2002,Polly
660,3,may,2002,Ambrosia
660,4,may,2002,Hoop
660,5,may,2002,Adam Stubbs
634,0,mermaid chronicles part 1 she creature,2001,Old Woman
634,1,mermaid chronicles part 1 she creature,2001,Mr. Woolrich
634,2,mermaid chronicles part 1 she creature,2001,Bailey
634,3,mermaid chronicles part 1 she creature,2001,Russian Eddie
634,4,mermaid chronicles part 1 she creature,2001,Miles
634,5,mermaid chronicles part 1 she creature,2001,Sailor
634,6,mermaid chronicles part 1 she creature,2001,Unnamed Person
634,7,mermaid chronicles part 1 she creature,2001,Unnamed Person
634,8,mermaid chronicles part 1 she creature,2001,Unnamed Person
634,9,mermaid chronicles part 1 she creature,2001,Unnamed Person
634,10,mermaid chronicles part 1 she creature,2001,Unnamed Person
634,11,mermaid chronicles part 1 she creature,2001,Gifford
634,12,mermaid chronicles part 1 she creature,2001,Angus
15,0,night of dark shadows,1971,Films  •  Characters  •  Cast  •  Images
382,0,night of demons,1988,Suzanne
382,1,night of demons,1988,Stooge
382,2,night of demons,1988,Helen
382,3,night of demons,1988,Jay Jansen
382,4,night of demons,1988,Frannie
382,5,night of demons,1988,Max
382,6,night of demons,1988,Sal Romero
382,7,night of demons,1988,Angela Franklin
382,8,night of demons,1988,Old Man
921,0,paranormal activity 2,2010,Daniel Rey
921,1,paranormal activity 2,2010,Kristi Rey
951,0,paranormal activity 3,2011,Julie
951,1,paranormal activity 3,2011,Dennis
1060,0,paranormal activity marked ones,2014,Anna
1060,1,paranormal activity marked ones,2014,Oscar
1060,2,paranormal activity marked ones,2014,Irma Arista
1060,3,paranormal activity marked ones,2014,Santo
1060,4,paranormal activity marked ones,2014,Arturo Lopez
1060,5,paranormal activity marked ones,2014,Marisol
1060,6,paranormal activity marked ones,2014,Hector Estrella
598,0,rage carrie 2,1999,Lisa Parker
598,1,rage carrie 2,1999,Chuck Potter
598,2,rage carrie 2,1999,Unknown Guy
598,3,rage carrie 2,1999,Various people
598,4,rage carrie 2,1999,Brad Winters
598,5,rage carrie 2,1999,Sue Snell
598,6,rage carrie 2,1999,Debra Meschan
598,7,rage carrie 2,1999,Various People
598,8,rage carrie 2,1999,Monica Jones
598,9,rage carrie 2,1999,Eric Stark
598,10,rage carrie 2,1999,Mark Bing
598,11,rage carrie 2,1999,Tracy Campbell
598,12,rage carrie 2,1999,Rachel Lang
817,0,return to house on haunted hill,2007,Sara Wolfe
817,1,return to house on haunted hill,2007,Warren Jackson
817,2,return to house on haunted hill,2007,Harue
817,3,return to house on haunted hill,2007,Norris Boz
817,4,return to house on haunted hill,2007,Samuel
817,5,return to house on haunted hill,2007,Kyle
817,6,return to house on haunted hill,2007,Michelle
817,7,return to house on haunted hill,2007,Desmond Niles
817,8,return to house on haunted hill,2007,Dr. Richard Hammer
817,9,return to house on haunted hill,2007,Ghost Dr. Richard B. Vannacutt & The Ghosts
662,0,rose red,2002,Kevin Bollinger
662,1,rose red,2002,Pam Asbury
662,2,rose red,2002,"Victor ""Vic"" Kandinsky"
662,3,rose red,2002,Nick Hardaway
662,4,rose red,2002,Dr. Carl Miller
662,5,rose red,2002,Kay Waterman
662,6,rose red,2002,Dr. Joyce Reardon
637,0,route 666,2001,"John La Roca, Miles Hackman, Steve Pikowski, and Frank Slater"
637,1,route 666,2001,Benny
637,2,route 666,2001,Joe
637,3,route 666,2001,Nick
637,4,route 666,2001,Mary
637,5,route 666,2001,Deputy Gil Conaway
637,6,route 666,2001,PT
637,7,route 666,2001,Deputy Tim Conaway
637,8,route 666,2001,Sheriff Bob Conaway
855,0,ruins,2008,Henreich and his colleague
855,1,ruins,2008,Mayan Child
855,2,ruins,2008,Mathias
855,3,ruins,2008,Eric
855,4,ruins,2008,Stacy
855,5,ruins,2008,Jeff
855,6,ruins,2008,Amy (Implied in original cut/confirmed in alternative cut)
623,0,scary movie,2000,David Keegan
623,1,scary movie,2000,Drew Decker
623,2,scary movie,2000,Annoying Guy
623,3,scary movie,2000,Greg Phillipe
623,4,scary movie,2000,Cindy's Grandma
623,5,scary movie,2000,Buffy Gilmore
623,6,scary movie,2000,Teacher
623,7,scary movie,2000,Heather's Boyfriend
623,8,scary movie,2000,Heather
623,9,scary movie,2000,Kenny
623,10,scary movie,2000,Brenda Meeks
623,11,scary movie,2000,Tina
623,12,scary movie,2000,Dookie
623,13,scary movie,2000,5 Stoners
623,14,scary movie,2000,Shorty Meeks
623,15,scary movie,2000,Bobby Prinze
623,16,scary movie,2000,Ray Wilkins
638,0,scary movie 2,2001,Megan Voorhees
638,1,scary movie 2,2001,Male and Female Student
638,2,scary movie 2,2001,Professor Oldman
638,3,scary movie 2,2001,Alex Monday
638,4,scary movie 2,2001,Hugh Kane's Ghost
638,5,scary movie 2,2001,Hanson
677,0,scary movie 3,2003,Tabitha
677,1,scary movie 3,2003,Tabitha's Mother
677,2,scary movie 3,2003,Annie Logan
677,3,scary movie 3,2003,Katie
677,4,scary movie 3,2003,Becca
677,5,scary movie 3,2003,Simon Cowell
677,6,scary movie 3,2003,Brenda Meeks
677,7,scary movie 3,2003,Michael Jackson
677,8,scary movie 3,2003,Gangsters
677,9,scary movie 3,2003,Tabitha (Ghost)
677,10,scary movie 3,2003,Cody Keller
678,0,shredder,2003,Chad Charnley
678,1,shredder,2003,Shelly's Sister
678,2,shredder,2003,Sheriff Toney
678,3,shredder,2003,Kirk Armstrong
678,4,shredder,2003,Robyn Van Arx
678,5,shredder,2003,Shelly's Mother
678,6,shredder,2003,Christophe 'Chris' Ramos
678,7,shredder,2003,Skyler
678,8,shredder,2003,Christophe's Friend
678,9,shredder,2003,Christophe's Friend
678,10,shredder,2003,Christophe's Friend
678,11,shredder,2003,Kimberly Van Arx
678,12,shredder,2003,Buddy 'Bud' Williams
678,13,shredder,2003,Snow Blower Driver
678,14,shredder,2003,Evil Skier / Shelly Williams
771,0,silent hill,2006,Alessa Gillespie
771,1,silent hill,2006,Nurse Garland
771,2,silent hill,2006,Collin the janitor
771,3,silent hill,2006,Armless Man
771,4,silent hill,2006,Older Soldier
771,5,silent hill,2006,Older Soldier
771,6,silent hill,2006,Anna
771,7,silent hill,2006,Dark Nurse
771,8,silent hill,2006,Dark Nurse
771,9,silent hill,2006,Dark Nurse
771,10,silent hill,2006,Cybil Bennet
771,11,silent hill,2006,Cristabella
771,12,silent hill,2006,Adam
771,13,silent hill,2006,Cultist
1000,0,silent hill revelation,2012,Douglas Cartland
1000,1,silent hill revelation,2012,Man
1000,2,silent hill revelation,2012,Mannequin
1000,3,silent hill revelation,2012,Girl
1000,4,silent hill revelation,2012,Suki Marks
1000,5,silent hill revelation,2012,Zombie Monster
1000,6,silent hill revelation,2012,Leonard Wolf
1000,7,silent hill revelation,2012,Asylum Inmate
1000,8,silent hill revelation,2012,Asylum Inmate
1000,9,silent hill revelation,2012,Asylum Inmate
1000,10,silent hill revelation,2012,Asylum Inmate
1000,11,silent hill revelation,2012,Brethren Member
1000,12,silent hill revelation,2012,Brethren Member
1000,13,silent hill revelation,2012,Brethren Member
1000,14,silent hill revelation,2012,Brethren Members
1000,15,silent hill revelation,2012,Alessa Gillespie
1000,16,silent hill revelation,2012,Claudia Wolf
601,0,sleepy hollow,1999,Hessian
601,1,sleepy hollow,1999,Dirk Van Garrett
601,2,sleepy hollow,1999,Van Ripper
601,3,sleepy hollow,1999,Hessian
601,4,sleepy hollow,1999,Hessian
601,5,sleepy hollow,1999,Hessian
601,6,sleepy hollow,1999,Hessian
601,7,sleepy hollow,1999,Hessian
601,8,sleepy hollow,1999,Hessian
601,9,sleepy hollow,1999,Hessian
601,10,sleepy hollow,1999,Hessian
601,11,sleepy hollow,1999,Hessian
601,12,sleepy hollow,1999,Hessian
601,13,sleepy hollow,1999,Hessian
601,14,sleepy hollow,1999,Hessian Horseman
601,15,sleepy hollow,1999,Jonathan Masbath
601,16,sleepy hollow,1999,Lady Crane
601,17,sleepy hollow,1999,Magistrate Philipse
601,18,sleepy hollow,1999,Witch
601,19,sleepy hollow,1999,Killian
601,20,sleepy hollow,1999,Beth Killian
601,21,sleepy hollow,1999,Thomas Killian
601,22,sleepy hollow,1999,Brom Van Brunt
601,23,sleepy hollow,1999,Doctor´s Wife
601,24,sleepy hollow,1999,Doctor Lancaster
601,25,sleepy hollow,1999,Reverend Steenwyck
601,26,sleepy hollow,1999,Baltus Van Tassel
601,27,sleepy hollow,1999,Sarah
601,28,sleepy hollow,1999,Witch
601,29,sleepy hollow,1999,Lady Van Tassel
318,0,sorority house massacre,1986,Beth's Father
318,1,sorority house massacre,1986,Beth's Mother
318,2,sorority house massacre,1986,Hospital Orderly
318,3,sorority house massacre,1986,Hardware shop Owner
318,4,sorority house massacre,1986,Andy
318,5,sorority house massacre,1986,Tracy
318,6,sorority house massacre,1986,John
318,7,sorority house massacre,1986,Craig
318,8,sorority house massacre,1986,Sara
318,9,sorority house massacre,1986,Linda
318,10,sorority house massacre,1986,Bobby
448,0,sorority house massacre 2,1990,Janey
448,1,sorority house massacre 2,1990,Suzanne
448,2,sorority house massacre 2,1990,Kimberly
448,3,sorority house massacre 2,1990,Jessica
448,4,sorority house massacre 2,1990,Linda
448,5,sorority house massacre 2,1990,Orville Ketchum
896,0,sorority row,2009,Megan Blaire
896,1,sorority row,2009,Dr.Rosenberg
896,2,sorority row,2009,"Charlene ""Chugs"" Bradley"
896,3,sorority row,2009,Joanna
896,4,sorority row,2009,Mickey Donaldson
896,5,sorority row,2009,Claire Wen
896,6,sorority row,2009,Mrs. Crenshaw
896,7,sorority row,2009,Kyle Tyson
896,8,sorority row,2009,Jessica Pierson
896,9,sorority row,2009,Andy Richards
450,0,stephen kings it,1990,Laurie Ann
450,1,stephen kings it,1990,Georgie Denbrough
450,2,stephen kings it,1990,"Victor ""Vic"" Criss"
450,3,stephen kings it,1990,"Reginald ""Belch"" Higgins"
450,4,stephen kings it,1990,Stanley Uris
450,5,stephen kings it,1990,Alvin Marsh
450,6,stephen kings it,1990,Koontz
450,7,stephen kings it,1990,Henry Bowers
450,8,stephen kings it,1990,"Edward ""Eddie"" Kaspbrak"
450,9,stephen kings it,1990,Pennywise
179,0,terror train,1980,Ed
179,1,terror train,1980,Jackson
179,2,terror train,1980,Mitchy
179,3,terror train,1980,Mo
179,4,terror train,1980,Doc Manley
179,5,terror train,1980,Magician
179,6,terror train,1980,Guard
179,7,terror train,1980,Kenny Hampson
68,0,texas chain saw massacre,1974,Mr Hardesty Enright
68,1,texas chain saw massacre,1974,Mrs Hardesty Enright
68,2,texas chain saw massacre,1974,"Kirkland ""Kirk"""
68,3,texas chain saw massacre,1974,"Pamela ""Pam"""
68,4,texas chain saw massacre,1974,Police 10
68,5,texas chain saw massacre,1974,Jerry
68,6,texas chain saw massacre,1974,Franklin Hardesty Enright
68,7,texas chain saw massacre,1974,"Nubbins ""Hitchhiker"" Sawyer"
1034,0,texas chainsaw 3d,2013,Female Sawyer Relative
1034,1,texas chainsaw 3d,2013,Male Sawyer Relative
1034,2,texas chainsaw 3d,2013,Male Sawyer Relative
1034,3,texas chainsaw 3d,2013,Boss Sawyer
1034,4,texas chainsaw 3d,2013,Bear Sawyer
1034,5,texas chainsaw 3d,2013,"Drayton ""Cook"" Sawyer"
1034,6,texas chainsaw 3d,2013,Male Sawyer Relative
1034,7,texas chainsaw 3d,2013,"""Grandpa"" Sawyer"
1034,8,texas chainsaw 3d,2013,Loretta Sawyer
1034,9,texas chainsaw 3d,2013,Verna Sawyer-Carson
1034,10,texas chainsaw 3d,2013,Darryl
1034,11,texas chainsaw 3d,2013,Kenny
1034,12,texas chainsaw 3d,2013,Ryan
1034,13,texas chainsaw 3d,2013,Nikki
1034,14,texas chainsaw 3d,2013,Officer Marvin
1034,15,texas chainsaw 3d,2013,Ollie Brown
1034,16,texas chainsaw 3d,2013,Mayor Burt Hartman
1034,17,texas chainsaw 3d,2013,"Gavin Miller, Arlene Miller"
680,0,texas chainsaw massacre,2003,Hitchhiker
680,1,texas chainsaw massacre,2003,Kemper
680,2,texas chainsaw massacre,2003,Pepper
680,3,texas chainsaw massacre,2003,Andy
680,4,texas chainsaw massacre,2003,Morgan
680,5,texas chainsaw massacre,2003,"Charlton ""Charlie"" Hewitt Jr., ""Sheriff Winston Hoyt"""
680,6,texas chainsaw massacre,2003,"Detective Wallace, Detective Adams"
321,0,texas chainsaw massacre 2,1986,One Willie Buzz
321,1,texas chainsaw massacre 2,1986,"Rick ""The Prick"""
321,2,texas chainsaw massacre 2,1986,L.G MrPeters
321,3,texas chainsaw massacre 2,1986,"Drayton ""Cook"" Sawyer"
321,4,texas chainsaw massacre 2,1986,"Bubba ""Leatherface"" Sawyer"
321,5,texas chainsaw massacre 2,1986,Mr McPeters
321,6,texas chainsaw massacre 2,1986,Mrs McPeters
321,7,texas chainsaw massacre 2,1986,Demon Mr McPeters
321,8,texas chainsaw massacre 2,1986,Demon Mrs McPeters
321,9,texas chainsaw massacre 2,1986,Demon Mrs Hardesty Enright
321,10,texas chainsaw massacre 2,1986,Demon Mr Hardesty Enright
321,11,texas chainsaw massacre 2,1986,Lieutenant Boude Enright
321,12,texas chainsaw massacre 2,1986,Hitchhiker
321,13,texas chainsaw massacre 2,1986,"""Grandpa"" Sawyer"
321,14,texas chainsaw massacre 2,1986,"""Chop-Top"" Sawyer"
779,0,texas chainsaw massacre beginning,2006,Sloane Murphy
779,1,texas chainsaw massacre beginning,2006,Meat Plant Owner
779,2,texas chainsaw massacre beginning,2006,Sheriff Winston Hoyt
779,3,texas chainsaw massacre beginning,2006,Alex
779,4,texas chainsaw massacre beginning,2006,Holden
779,5,texas chainsaw massacre beginning,2006,Eric
779,6,texas chainsaw massacre beginning,2006,Bailey
779,7,texas chainsaw massacre beginning,2006,Dean
779,8,texas chainsaw massacre beginning,2006,Chrissie
779,9,texas chainsaw massacre beginning,2006,Police Officer and Motorist
515,0,texas chainsaw massacre next generation,1994,"""I'm not hurt"" boy"
515,1,texas chainsaw massacre next generation,1994,Sean Kingsley
515,2,texas chainsaw massacre next generation,1994,Barry Rochester
515,3,texas chainsaw massacre next generation,1994,W.E. Slaughter
515,4,texas chainsaw massacre next generation,1994,Heather Hutchins
515,5,texas chainsaw massacre next generation,1994,"Mr. Spottish, Mrs. Spottish"
515,6,texas chainsaw massacre next generation,1994,Vilmer Slaughter
1194,0,unfriended dark web,2018,Kelly
1194,1,unfriended dark web,2018,DJ Lexx
1194,2,unfriended dark web,2018,A.j.
1194,3,unfriended dark web,2018,Serena's mother
1194,4,unfriended dark web,2018,Nari
1194,5,unfriended dark web,2018,a Charon
1194,6,unfriended dark web,2018,Serena
1194,7,unfriended dark web,2018,Damon
1194,8,unfriended dark web,2018,Amaya DeSoto
1194,9,unfriended dark web,2018,Erica
1194,10,unfriended dark web,2018,Matias O'Brien
1011,0,v h s,2012,Shane
1011,1,v h s,2012,Patrick
1011,2,v h s,2012,Sam
1011,3,v h s,2012,Samantha
1011,4,v h s,2012,Spider
1011,5,v h s,2012,Joey
1011,6,v h s,2012,Wendy
1011,7,v h s,2012,4 of the gang members
1011,8,v h s,2012,Gang leader
1011,9,v h s,2012,Cult Members
1011,10,v h s,2012,"Chad, Matt, Paul and Tyler"
1037,0,v h s 2,2013,Clarissa
1037,1,v h s 2,2013,Herman
1037,2,v h s 2,2013,Large group of people
1037,3,v h s 2,2013,"""Screaming woman"" and her boyfriend"
1037,4,v h s 2,2013,"Zombified ""Screaming woman"""
1037,5,v h s 2,2013,Mike
1037,6,v h s 2,2013,Couple of cyclers
1037,7,v h s 2,2013,Several attendees to a children's birthday party
1037,8,v h s 2,2013,Several Zombies
1037,9,v h s 2,2013,Zombified Mike
1037,10,v h s 2,2013,Female Cultist
1037,11,v h s 2,2013,Joni
1037,12,v h s 2,2013,Cult Members
1037,13,v h s 2,2013,Male Cultist
1037,14,v h s 2,2013,Malik and several other cultist members
1037,15,v h s 2,2013,Male Cultist
1037,16,v h s 2,2013,Father
1037,17,v h s 2,2013,Ibu Sri
1037,18,v h s 2,2013,Zombified Female Cultists
1037,19,v h s 2,2013,Lena
1037,20,v h s 2,2013,Zombified Male Cultist
1037,21,v h s 2,2013,Zombified Male Cultist
1037,22,v h s 2,2013,Adam
1037,23,v h s 2,2013,Zack
1037,24,v h s 2,2013,Danny and Shawn
1037,25,v h s 2,2013,Randy
1037,26,v h s 2,2013,Jen
1037,27,v h s 2,2013,Gary
1037,28,v h s 2,2013,Tank
1037,29,v h s 2,2013,Ayesha
1037,30,v h s 2,2013,Zombified Ayesha
1037,31,v h s 2,2013,Larry
517,0,wes cravens new nightmare,1994,Chuck Wilson
517,1,wes cravens new nightmare,1994,Terry Feinstein
517,2,wes cravens new nightmare,1994,Chase Porter
517,3,wes cravens new nightmare,1994,"Julianna Peyton ""Julie"" McKenna"
517,4,wes cravens new nightmare,1994,"Frederick Charles ""Freddy"" Krueger Entity"
